deck,pairing,game,outcome,seconds
UW Spirit Aggro [23729_364730],vmc-material vs pimc-16/160,1000,a,50.31
UW Spirit Aggro [23729_364730],vmc-material vs pimc-16/160,1001,a,16.07
UW Spirit Aggro [23729_364730],vmc-material vs pimc-16/160,1002,b,34.45
UW Spirit Aggro [23729_364730],vmc-material vs pimc-16/160,1003,a,33.86
UW Spirit Aggro [23729_364730],vmc-material vs pimc-16/160,1004,a,44.88
UW Spirit Aggro [23729_364730],vmc-material vs pimc-16/160,1005,a,26.15
UW Spirit Aggro [23729_364730],vmc-material vs pimc-16/160,1006,a,41.99
UW Spirit Aggro [23729_364730],vmc-material vs pimc-16/160,1007,a,19.04
UW Spirit Aggro [23729_364730],vmc-material vs pimc-16/160,1008,a,39.19
UW Spirit Aggro [23729_364730],vmc-material vs pimc-16/160,1009,a,37.10
UW Spirit Aggro [23729_364730],vmc-material vs pimc-16/160,1010,b,155.89
UW Spirit Aggro [23729_364730],vmc-material vs pimc-16/160,1011,b,44.66
UW Spirit Aggro [23729_364730],vmc-material vs pimc-16/160,1012,a,20.08
UW Spirit Aggro [23729_364730],vmc-material vs pimc-16/160,1013,a,33.83
UW Spirit Aggro [23729_364730],vmc-material vs pimc-16/160,1014,b,102.13
UW Spirit Aggro [23729_364730],vmc-material vs pimc-16/160,1015,b,56.27
UW Spirit Aggro [23729_364730],vmc-material vs pimc-16/160,1016,a,20.76
UW Spirit Aggro [23729_364730],vmc-material vs pimc-16/160,1017,a,28.64
UW Spirit Aggro [23729_364730],vmc-material vs pimc-16/160,1018,b,51.81
UW Spirit Aggro [23729_364730],vmc-material vs pimc-16/160,1019,a,20.32
UW Spirit Aggro [23729_364730],vmc-material vs pimc-16/160,1020,a,34.90
UW Spirit Aggro [23729_364730],vmc-material vs pimc-16/160,1021,b,60.88
UW Spirit Aggro [23729_364730],vmc-material vs pimc-16/160,1022,b,86.76
UW Spirit Aggro [23729_364730],vmc-material vs pimc-16/160,1023,b,72.12
UW Spirit Aggro [23729_364730],vmc-material vs pimc-16/160,1024,b,87.58
UW Spirit Aggro [23729_364730],vmc-material vs pimc-16/160,1025,a,36.38
UW Spirit Aggro [23729_364730],vmc-material vs pimc-16/160,1026,a,15.00
UW Spirit Aggro [23729_364730],vmc-material vs pimc-16/160,1027,a,17.37
UW Spirit Aggro [23729_364730],vmc-material vs pimc-16/160,1028,b,92.31
UW Spirit Aggro [23729_364730],vmc-material vs pimc-16/160,1029,b,75.12
UW Spirit Aggro [23729_364730],vmc-material vs pimc-16/160,1030,a,9.54
UW Spirit Aggro [23729_364730],vmc-material vs pimc-16/160,1031,a,22.67
UW Spirit Aggro [23729_364730],vmc-material vs pimc-16/160,1032,b,35.04
UW Spirit Aggro [23729_364730],vmc-material vs pimc-16/160,1033,b,36.19
UW Spirit Aggro [23729_364730],vmc-material vs pimc-16/160,1034,a,15.38
UW Spirit Aggro [23729_364730],vmc-material vs pimc-16/160,1035,b,38.52
UW Spirit Aggro [23729_364730],vmc-material vs pimc-16/160,1036,a,42.07
UW Spirit Aggro [23729_364730],vmc-material vs pimc-16/160,1037,b,24.30
UW Spirit Aggro [23729_364730],vmc-material vs pimc-16/160,1038,b,52.91
UW Spirit Aggro [23729_364730],vmc-material vs pimc-16/160,1039,b,72.39
UW Spirit Aggro [23729_364730],vmc-material vs pimc-16/160,1040,a,9.02
UW Spirit Aggro [23729_364730],vmc-material vs pimc-16/160,1041,b,34.87
UW Spirit Aggro [23729_364730],vmc-material vs pimc-16/160,1042,b,81.21
UW Spirit Aggro [23729_364730],vmc-material vs pimc-16/160,1043,a,26.31
UW Spirit Aggro [23729_364730],vmc-material vs pimc-16/160,1044,b,42.22
UW Spirit Aggro [23729_364730],vmc-material vs pimc-16/160,1045,b,28.55
UW Spirit Aggro [23729_364730],vmc-material vs pimc-16/160,1046,b,59.80
UW Spirit Aggro [23729_364730],vmc-material vs pimc-16/160,1047,b,59.64
UW Spirit Aggro [23729_364730],vmc-material vs pimc-16/160,1048,b,76.18
UW Spirit Aggro [23729_364730],vmc-material vs pimc-16/160,1049,a,22.83
UW Spirit Aggro [23729_364730],vmc-material vs pimc-16/160,1050,a,10.07
UW Spirit Aggro [23729_364730],vmc-material vs pimc-16/160,1051,b,58.96
UW Spirit Aggro [23729_364730],vmc-material vs pimc-16/160,1052,b,23.60
UW Spirit Aggro [23729_364730],vmc-material vs pimc-16/160,1053,a,48.03
UW Spirit Aggro [23729_364730],vmc-material vs pimc-16/160,1054,b,66.18
UW Spirit Aggro [23729_364730],vmc-material vs pimc-16/160,1055,b,85.04
UW Spirit Aggro [23729_364730],vmc-material vs pimc-16/160,1056,a,26.88
UW Spirit Aggro [23729_364730],vmc-material vs pimc-16/160,1057,a,22.99
UW Spirit Aggro [23729_364730],vmc-material vs pimc-16/160,1058,a,24.49
UW Spirit Aggro [23729_364730],vmc-material vs pimc-16/160,1059,a,39.54
UW Spirit Aggro [23729_364730],vmc-material vs pimc-16/160,1060,b,46.52
UW Spirit Aggro [23729_364730],vmc-material vs pimc-16/160,1061,b,69.83
UW Spirit Aggro [23729_364730],vmc-material vs pimc-16/160,1062,a,10.40
UW Spirit Aggro [23729_364730],vmc-material vs pimc-16/160,1063,b,22.72
UW Spirit Aggro [23729_364730],vmc-material vs pimc-16/160,1064,b,37.90
UW Spirit Aggro [23729_364730],vmc-material vs pimc-16/160,1065,b,82.07
UW Spirit Aggro [23729_364730],vmc-material vs pimc-16/160,1066,b,90.31
UW Spirit Aggro [23729_364730],vmc-material vs pimc-16/160,1067,b,23.32
UW Spirit Aggro [23729_364730],vmc-material vs pimc-16/160,1068,a,22.43
UW Spirit Aggro [23729_364730],vmc-material vs pimc-16/160,1069,b,44.54
UW Spirit Aggro [23729_364730],vmc-material vs pimc-16/160,1070,b,90.56
UW Spirit Aggro [23729_364730],vmc-material vs pimc-16/160,1071,b,62.38
UW Spirit Aggro [23729_364730],vmc-material vs pimc-16/160,1072,a,23.87
UW Spirit Aggro [23729_364730],vmc-material vs pimc-16/160,1073,b,21.20
UW Spirit Aggro [23729_364730],vmc-material vs pimc-16/160,1074,b,28.53
UW Spirit Aggro [23729_364730],vmc-material vs pimc-16/160,1075,a,38.01
UW Spirit Aggro [23729_364730],vmc-material vs pimc-16/160,1076,a,21.09
UW Spirit Aggro [23729_364730],vmc-material vs pimc-16/160,1077,b,34.15
UW Spirit Aggro [23729_364730],vmc-material vs pimc-16/160,1078,b,28.83
UW Spirit Aggro [23729_364730],vmc-material vs pimc-16/160,1079,a,232.23
UW Spirit Aggro [23729_364730],vmc-material vs pimc-16/160,1080,a,26.94
UW Spirit Aggro [23729_364730],vmc-material vs pimc-16/160,1081,b,34.65
UW Spirit Aggro [23729_364730],vmc-material vs pimc-16/160,1082,a,23.90
UW Spirit Aggro [23729_364730],vmc-material vs pimc-16/160,1083,a,16.51
UW Spirit Aggro [23729_364730],vmc-material vs pimc-16/160,1084,b,61.53
UW Spirit Aggro [23729_364730],vmc-material vs pimc-16/160,1085,a,17.32
UW Spirit Aggro [23729_364730],vmc-material vs pimc-16/160,1086,b,72.81
UW Spirit Aggro [23729_364730],vmc-material vs pimc-16/160,1087,a,27.25
UW Spirit Aggro [23729_364730],vmc-material vs pimc-16/160,1088,b,19.76
UW Spirit Aggro [23729_364730],vmc-material vs pimc-16/160,1089,b,40.87
UW Spirit Aggro [23729_364730],vmc-material vs pimc-16/160,1090,b,37.01
UW Spirit Aggro [23729_364730],vmc-material vs pimc-16/160,1091,a,40.94
UW Spirit Aggro [23729_364730],vmc-material vs pimc-16/160,1092,a,15.27
UW Spirit Aggro [23729_364730],vmc-material vs pimc-16/160,1093,a,32.36
UW Spirit Aggro [23729_364730],vmc-material vs pimc-16/160,1094,b,75.08
UW Spirit Aggro [23729_364730],vmc-material vs pimc-16/160,1095,b,64.06
UW Spirit Aggro [23729_364730],vmc-material vs pimc-16/160,1096,b,71.02
UW Spirit Aggro [23729_364730],vmc-material vs pimc-16/160,1097,b,51.35
UW Spirit Aggro [23729_364730],vmc-material vs pimc-16/160,1098,a,14.67
UW Spirit Aggro [23729_364730],vmc-material vs pimc-16/160,1099,a,23.72
UW Spirit Aggro [23729_364730],vmc-material vs pimc-16/160,1100,a,26.49
UW Spirit Aggro [23729_364730],vmc-material vs pimc-16/160,1101,a,24.29
UW Spirit Aggro [23729_364730],vmc-material vs pimc-16/160,1102,a,193.65
UW Spirit Aggro [23729_364730],vmc-material vs pimc-16/160,1103,b,60.36
UW Spirit Aggro [23729_364730],vmc-material vs pimc-16/160,1104,a,56.24
UW Spirit Aggro [23729_364730],vmc-material vs pimc-16/160,1105,b,28.39
UW Spirit Aggro [23729_364730],vmc-material vs pimc-16/160,1106,b,49.68
UW Spirit Aggro [23729_364730],vmc-material vs pimc-16/160,1107,a,26.25
UW Spirit Aggro [23729_364730],vmc-material vs pimc-16/160,1108,b,132.37
UW Spirit Aggro [23729_364730],vmc-material vs pimc-16/160,1109,a,40.61
UW Spirit Aggro [23729_364730],vmc-material vs pimc-16/160,1110,a,11.47
UW Spirit Aggro [23729_364730],vmc-material vs pimc-16/160,1111,a,35.73
UW Spirit Aggro [23729_364730],vmc-material vs pimc-16/160,1112,b,20.08
UW Spirit Aggro [23729_364730],vmc-material vs pimc-16/160,1113,b,125.55
UW Spirit Aggro [23729_364730],vmc-material vs pimc-16/160,1114,a,9.36
UW Spirit Aggro [23729_364730],vmc-material vs pimc-16/160,1115,a,13.21
UW Spirit Aggro [23729_364730],vmc-material vs pimc-16/160,1116,b,38.11
UW Spirit Aggro [23729_364730],vmc-material vs pimc-16/160,1117,a,22.59
UW Spirit Aggro [23729_364730],vmc-material vs pimc-16/160,1118,a,35.08
UW Spirit Aggro [23729_364730],vmc-material vs pimc-16/160,1119,b,57.60
UW Spirit Aggro [23729_364730],vmc-material vs pimc-16/160,1120,b,36.51
UW Spirit Aggro [23729_364730],vmc-material vs pimc-16/160,1121,b,47.34
UW Spirit Aggro [23729_364730],vmc-material vs pimc-16/160,1122,a,26.43
UW Spirit Aggro [23729_364730],vmc-material vs pimc-16/160,1123,a,13.38
UW Spirit Aggro [23729_364730],vmc-material vs pimc-16/160,1124,a,22.31
UW Spirit Aggro [23729_364730],vmc-material vs pimc-16/160,1125,a,30.69
UW Spirit Aggro [23729_364730],vmc-material vs pimc-16/160,1126,a,31.67
UW Spirit Aggro [23729_364730],vmc-material vs pimc-16/160,1127,a,48.98
UW Spirit Aggro [23729_364730],vmc-material vs pimc-16/160,1128,b,53.28
UW Spirit Aggro [23729_364730],vmc-material vs pimc-16/160,1129,b,120.25
UW Spirit Aggro [23729_364730],vmc-material vs pimc-16/160,1130,b,36.57
UW Spirit Aggro [23729_364730],vmc-material vs pimc-16/160,1131,a,25.44
UW Spirit Aggro [23729_364730],vmc-material vs pimc-16/160,1132,b,42.19
UW Spirit Aggro [23729_364730],vmc-material vs pimc-16/160,1133,b,102.30
UW Spirit Aggro [23729_364730],vmc-material vs pimc-16/160,1134,b,32.75
UW Spirit Aggro [23729_364730],vmc-material vs pimc-16/160,1135,a,37.05
UW Spirit Aggro [23729_364730],vmc-material vs pimc-16/160,1136,a,20.66
UW Spirit Aggro [23729_364730],vmc-material vs pimc-16/160,1137,b,31.59
UW Spirit Aggro [23729_364730],vmc-material vs pimc-16/160,1138,a,37.10
UW Spirit Aggro [23729_364730],vmc-material vs pimc-16/160,1139,b,58.54
UW Spirit Aggro [23729_364730],vmc-material vs pimc-16/160,1140,a,9.24
UW Spirit Aggro [23729_364730],vmc-material vs pimc-16/160,1141,a,24.66
UW Spirit Aggro [23729_364730],vmc-material vs pimc-16/160,1142,a,66.41
UW Spirit Aggro [23729_364730],vmc-material vs pimc-16/160,1143,a,51.47
UW Spirit Aggro [23729_364730],vmc-material vs pimc-16/160,1144,a,30.22
UW Spirit Aggro [23729_364730],vmc-material vs pimc-16/160,1145,b,23.14
UW Spirit Aggro [23729_364730],vmc-material vs pimc-16/160,1146,b,62.43
UW Spirit Aggro [23729_364730],vmc-material vs pimc-16/160,1147,a,57.83
UW Spirit Aggro [23729_364730],vmc-material vs pimc-16/160,1148,b,37.57
UW Spirit Aggro [23729_364730],vmc-material vs pimc-16/160,1149,b,85.91
UW Spirit Aggro [23729_364730],vmc-material vs pimc-16/160,1150,b,64.93
UW Spirit Aggro [23729_364730],vmc-material vs pimc-16/160,1151,b,34.38
UW Spirit Aggro [23729_364730],vmc-material vs pimc-16/160,1152,a,78.97
UW Spirit Aggro [23729_364730],vmc-material vs pimc-16/160,1153,a,13.00
UW Spirit Aggro [23729_364730],vmc-material vs pimc-16/160,1154,a,34.91
UW Spirit Aggro [23729_364730],vmc-material vs pimc-16/160,1155,b,36.45
UW Spirit Aggro [23729_364730],vmc-material vs pimc-16/160,1156,b,26.91
UW Spirit Aggro [23729_364730],vmc-material vs pimc-16/160,1157,a,19.25
UW Spirit Aggro [23729_364730],vmc-material vs pimc-16/160,1158,b,94.12
UW Spirit Aggro [23729_364730],vmc-material vs pimc-16/160,1159,b,24.38
UW Spirit Aggro [23729_364730],vmc-material vs pimc-16/160,1160,a,20.51
UW Spirit Aggro [23729_364730],vmc-material vs pimc-16/160,1161,b,67.09
UW Spirit Aggro [23729_364730],vmc-material vs pimc-16/160,1162,b,25.09
UW Spirit Aggro [23729_364730],vmc-material vs pimc-16/160,1163,a,41.48
UW Spirit Aggro [23729_364730],vmc-material vs pimc-16/160,1164,a,29.96
UW Spirit Aggro [23729_364730],vmc-material vs pimc-16/160,1165,a,36.16
UW Spirit Aggro [23729_364730],vmc-material vs pimc-16/160,1166,a,98.36
UW Spirit Aggro [23729_364730],vmc-material vs pimc-16/160,1167,a,182.46
UW Spirit Aggro [23729_364730],vmc-material vs pimc-16/160,1168,b,34.75
UW Spirit Aggro [23729_364730],vmc-material vs pimc-16/160,1169,b,76.85
UW Spirit Aggro [23729_364730],vmc-material vs pimc-16/160,1170,b,115.66
UW Spirit Aggro [23729_364730],vmc-material vs pimc-16/160,1171,b,69.61
UW Spirit Aggro [23729_364730],vmc-material vs pimc-16/160,1172,b,40.47
UW Spirit Aggro [23729_364730],vmc-material vs pimc-16/160,1173,b,100.99
UW Spirit Aggro [23729_364730],vmc-material vs pimc-16/160,1174,b,140.13
UW Spirit Aggro [23729_364730],vmc-material vs pimc-16/160,1175,b,36.05
UW Spirit Aggro [23729_364730],vmc-material vs pimc-16/160,1176,a,49.20
UW Spirit Aggro [23729_364730],vmc-material vs pimc-16/160,1177,a,14.91
UW Spirit Aggro [23729_364730],vmc-material vs pimc-16/160,1178,b,136.64
UW Spirit Aggro [23729_364730],vmc-material vs pimc-16/160,1179,a,24.19
UW Spirit Aggro [23729_364730],vmc-material vs pimc-16/160,1180,a,28.22
UW Spirit Aggro [23729_364730],vmc-material vs pimc-16/160,1181,b,65.36
UW Spirit Aggro [23729_364730],vmc-material vs pimc-16/160,1182,b,106.54
UW Spirit Aggro [23729_364730],vmc-material vs pimc-16/160,1183,b,26.74
UW Spirit Aggro [23729_364730],vmc-material vs pimc-16/160,1184,b,87.76
UW Spirit Aggro [23729_364730],vmc-material vs pimc-16/160,1185,a,34.67
UW Spirit Aggro [23729_364730],vmc-material vs pimc-16/160,1186,b,83.55
UW Spirit Aggro [23729_364730],vmc-material vs pimc-16/160,1187,a,57.84
UW Spirit Aggro [23729_364730],vmc-material vs pimc-16/160,1188,a,24.52
UW Spirit Aggro [23729_364730],vmc-material vs pimc-16/160,1189,a,34.97
UW Spirit Aggro [23729_364730],vmc-material vs pimc-16/160,1190,a,49.42
UW Spirit Aggro [23729_364730],vmc-material vs pimc-16/160,1191,b,56.17
UW Spirit Aggro [23729_364730],vmc-material vs pimc-16/160,1192,a,22.98
UW Spirit Aggro [23729_364730],vmc-material vs pimc-16/160,1193,a,68.61
UW Spirit Aggro [23729_364730],vmc-material vs pimc-16/160,1194,a,14.63
UW Spirit Aggro [23729_364730],vmc-material vs pimc-16/160,1195,a,159.51
UW Spirit Aggro [23729_364730],vmc-material vs pimc-16/160,1196,a,54.40
UW Spirit Aggro [23729_364730],vmc-material vs pimc-16/160,1197,a,22.69
UW Spirit Aggro [23729_364730],vmc-material vs pimc-16/160,1198,b,86.82
UW Spirit Aggro [23729_364730],vmc-material vs pimc-16/160,1199,a,38.25
UW Spirit Aggro [23729_364730],vmc-material vs pimc-16/160,1200,b,41.76
UW Spirit Aggro [23729_364730],vmc-material vs pimc-16/160,1201,b,52.73
UW Spirit Aggro [23729_364730],vmc-material vs pimc-16/160,1202,b,98.32
UW Spirit Aggro [23729_364730],vmc-material vs pimc-16/160,1203,a,143.23
UW Spirit Aggro [23729_364730],vmc-material vs pimc-16/160,1204,a,33.70
UW Spirit Aggro [23729_364730],vmc-material vs pimc-16/160,1205,b,69.74
UW Spirit Aggro [23729_364730],vmc-material vs pimc-16/160,1206,b,98.60
UW Spirit Aggro [23729_364730],vmc-material vs pimc-16/160,1207,b,142.30
UW Spirit Aggro [23729_364730],vmc-material vs pimc-16/160,1208,b,80.32
UW Spirit Aggro [23729_364730],vmc-material vs pimc-16/160,1209,b,34.89
UW Spirit Aggro [23729_364730],vmc-material vs pimc-16/160,1210,a,29.86
UW Spirit Aggro [23729_364730],vmc-material vs pimc-16/160,1211,b,56.17
UW Spirit Aggro [23729_364730],vmc-material vs pimc-16/160,1212,a,26.08
UW Spirit Aggro [23729_364730],vmc-material vs pimc-16/160,1213,a,13.62
UW Spirit Aggro [23729_364730],vmc-material vs pimc-16/160,1214,a,43.83
UW Spirit Aggro [23729_364730],vmc-material vs pimc-16/160,1215,b,28.18
Golgari Scales [23743_364886],vmc-material vs pimc-16/160,1000,a,11.68
Golgari Scales [23743_364886],vmc-material vs pimc-16/160,1001,b,13.00
Golgari Scales [23743_364886],vmc-material vs pimc-16/160,1002,b,16.63
Golgari Scales [23743_364886],vmc-material vs pimc-16/160,1003,a,15.31
Golgari Scales [23743_364886],vmc-material vs pimc-16/160,1004,a,20.33
Golgari Scales [23743_364886],vmc-material vs pimc-16/160,1005,b,16.47
Golgari Scales [23743_364886],vmc-material vs pimc-16/160,1006,b,17.22
Golgari Scales [23743_364886],vmc-material vs pimc-16/160,1007,b,25.63
Golgari Scales [23743_364886],vmc-material vs pimc-16/160,1008,a,23.30
Golgari Scales [23743_364886],vmc-material vs pimc-16/160,1009,a,15.47
Golgari Scales [23743_364886],vmc-material vs pimc-16/160,1010,a,16.46
Golgari Scales [23743_364886],vmc-material vs pimc-16/160,1011,b,11.85
Golgari Scales [23743_364886],vmc-material vs pimc-16/160,1012,b,26.29
Golgari Scales [23743_364886],vmc-material vs pimc-16/160,1013,a,12.29
Golgari Scales [23743_364886],vmc-material vs pimc-16/160,1014,a,23.68
Golgari Scales [23743_364886],vmc-material vs pimc-16/160,1015,b,38.75
Golgari Scales [23743_364886],vmc-material vs pimc-16/160,1016,a,10.52
Golgari Scales [23743_364886],vmc-material vs pimc-16/160,1017,a,17.64
Golgari Scales [23743_364886],vmc-material vs pimc-16/160,1018,b,11.81
Golgari Scales [23743_364886],vmc-material vs pimc-16/160,1019,a,9.45
Golgari Scales [23743_364886],vmc-material vs pimc-16/160,1020,b,42.90
Golgari Scales [23743_364886],vmc-material vs pimc-16/160,1021,b,20.75
Golgari Scales [23743_364886],vmc-material vs pimc-16/160,1022,a,8.37
Golgari Scales [23743_364886],vmc-material vs pimc-16/160,1023,a,28.77
Golgari Scales [23743_364886],vmc-material vs pimc-16/160,1024,a,8.17
Golgari Scales [23743_364886],vmc-material vs pimc-16/160,1025,a,46.42
Golgari Scales [23743_364886],vmc-material vs pimc-16/160,1026,a,27.47
Golgari Scales [23743_364886],vmc-material vs pimc-16/160,1027,a,26.71
Golgari Scales [23743_364886],vmc-material vs pimc-16/160,1028,b,16.17
Golgari Scales [23743_364886],vmc-material vs pimc-16/160,1029,a,7.21
Golgari Scales [23743_364886],vmc-material vs pimc-16/160,1030,a,19.21
Golgari Scales [23743_364886],vmc-material vs pimc-16/160,1031,b,23.16
Golgari Scales [23743_364886],vmc-material vs pimc-16/160,1032,b,11.69
Golgari Scales [23743_364886],vmc-material vs pimc-16/160,1033,b,34.10
Golgari Scales [23743_364886],vmc-material vs pimc-16/160,1034,b,18.64
Golgari Scales [23743_364886],vmc-material vs pimc-16/160,1035,b,16.29
Golgari Scales [23743_364886],vmc-material vs pimc-16/160,1036,a,7.64
Golgari Scales [23743_364886],vmc-material vs pimc-16/160,1037,a,18.90
Golgari Scales [23743_364886],vmc-material vs pimc-16/160,1038,a,5.57
Golgari Scales [23743_364886],vmc-material vs pimc-16/160,1039,b,39.81
Golgari Scales [23743_364886],vmc-material vs pimc-16/160,1040,b,26.60
Golgari Scales [23743_364886],vmc-material vs pimc-16/160,1041,a,8.68
Golgari Scales [23743_364886],vmc-material vs pimc-16/160,1042,a,8.28
Golgari Scales [23743_364886],vmc-material vs pimc-16/160,1043,a,18.85
Golgari Scales [23743_364886],vmc-material vs pimc-16/160,1044,b,13.55
Golgari Scales [23743_364886],vmc-material vs pimc-16/160,1045,b,8.18
Golgari Scales [23743_364886],vmc-material vs pimc-16/160,1046,b,14.95
Golgari Scales [23743_364886],vmc-material vs pimc-16/160,1047,b,16.39
Golgari Scales [23743_364886],vmc-material vs pimc-16/160,1048,b,22.40
Golgari Scales [23743_364886],vmc-material vs pimc-16/160,1049,a,10.14
Golgari Scales [23743_364886],vmc-material vs pimc-16/160,1050,a,8.39
Golgari Scales [23743_364886],vmc-material vs pimc-16/160,1051,a,30.87
Golgari Scales [23743_364886],vmc-material vs pimc-16/160,1052,a,11.41
Golgari Scales [23743_364886],vmc-material vs pimc-16/160,1053,a,15.54
Golgari Scales [23743_364886],vmc-material vs pimc-16/160,1054,a,22.60
Golgari Scales [23743_364886],vmc-material vs pimc-16/160,1055,b,62.94
Golgari Scales [23743_364886],vmc-material vs pimc-16/160,1056,b,15.88
Golgari Scales [23743_364886],vmc-material vs pimc-16/160,1057,a,17.70
Golgari Scales [23743_364886],vmc-material vs pimc-16/160,1058,a,22.45
Golgari Scales [23743_364886],vmc-material vs pimc-16/160,1059,b,49.10
Golgari Scales [23743_364886],vmc-material vs pimc-16/160,1060,a,10.58
Golgari Scales [23743_364886],vmc-material vs pimc-16/160,1061,b,17.93
Golgari Scales [23743_364886],vmc-material vs pimc-16/160,1062,b,45.83
Golgari Scales [23743_364886],vmc-material vs pimc-16/160,1063,a,35.81
Golgari Scales [23743_364886],vmc-material vs pimc-16/160,1064,a,26.44
Golgari Scales [23743_364886],vmc-material vs pimc-16/160,1065,b,51.44
Golgari Scales [23743_364886],vmc-material vs pimc-16/160,1066,b,13.31
Golgari Scales [23743_364886],vmc-material vs pimc-16/160,1067,a,14.49
Golgari Scales [23743_364886],vmc-material vs pimc-16/160,1068,a,11.66
Golgari Scales [23743_364886],vmc-material vs pimc-16/160,1069,a,58.31
Golgari Scales [23743_364886],vmc-material vs pimc-16/160,1070,b,41.45
Golgari Scales [23743_364886],vmc-material vs pimc-16/160,1071,b,20.81
Golgari Scales [23743_364886],vmc-material vs pimc-16/160,1072,a,8.27
Golgari Scales [23743_364886],vmc-material vs pimc-16/160,1073,b,40.39
Golgari Scales [23743_364886],vmc-material vs pimc-16/160,1074,b,38.72
Golgari Scales [23743_364886],vmc-material vs pimc-16/160,1075,a,14.88
Golgari Scales [23743_364886],vmc-material vs pimc-16/160,1076,b,40.03
Golgari Scales [23743_364886],vmc-material vs pimc-16/160,1077,b,17.32
Golgari Scales [23743_364886],vmc-material vs pimc-16/160,1078,b,24.48
Golgari Scales [23743_364886],vmc-material vs pimc-16/160,1079,a,13.23
Golgari Scales [23743_364886],vmc-material vs pimc-16/160,1080,b,79.16
Golgari Scales [23743_364886],vmc-material vs pimc-16/160,1081,a,15.06
Golgari Scales [23743_364886],vmc-material vs pimc-16/160,1082,a,11.82
Golgari Scales [23743_364886],vmc-material vs pimc-16/160,1083,b,44.39
Golgari Scales [23743_364886],vmc-material vs pimc-16/160,1084,a,14.88
Golgari Scales [23743_364886],vmc-material vs pimc-16/160,1085,b,25.40
Golgari Scales [23743_364886],vmc-material vs pimc-16/160,1086,a,12.92
Golgari Scales [23743_364886],vmc-material vs pimc-16/160,1087,a,19.28
Golgari Scales [23743_364886],vmc-material vs pimc-16/160,1088,b,37.18
Golgari Scales [23743_364886],vmc-material vs pimc-16/160,1089,b,19.03
Golgari Scales [23743_364886],vmc-material vs pimc-16/160,1090,a,19.47
Golgari Scales [23743_364886],vmc-material vs pimc-16/160,1091,a,11.66
Golgari Scales [23743_364886],vmc-material vs pimc-16/160,1092,a,22.98
Golgari Scales [23743_364886],vmc-material vs pimc-16/160,1093,a,22.42
Golgari Scales [23743_364886],vmc-material vs pimc-16/160,1094,a,68.85
Golgari Scales [23743_364886],vmc-material vs pimc-16/160,1095,b,15.13
Golgari Scales [23743_364886],vmc-material vs pimc-16/160,1096,a,21.26
Golgari Scales [23743_364886],vmc-material vs pimc-16/160,1097,a,15.90
Golgari Scales [23743_364886],vmc-material vs pimc-16/160,1098,a,20.49
Golgari Scales [23743_364886],vmc-material vs pimc-16/160,1099,a,11.96
Golgari Scales [23743_364886],vmc-material vs pimc-16/160,1100,a,10.48
Golgari Scales [23743_364886],vmc-material vs pimc-16/160,1101,a,46.19
Golgari Scales [23743_364886],vmc-material vs pimc-16/160,1102,a,23.70
Golgari Scales [23743_364886],vmc-material vs pimc-16/160,1103,a,19.75
Golgari Scales [23743_364886],vmc-material vs pimc-16/160,1104,b,48.48
Golgari Scales [23743_364886],vmc-material vs pimc-16/160,1105,b,49.15
Golgari Scales [23743_364886],vmc-material vs pimc-16/160,1106,a,8.72
Golgari Scales [23743_364886],vmc-material vs pimc-16/160,1107,b,85.79
Golgari Scales [23743_364886],vmc-material vs pimc-16/160,1108,b,22.31
Golgari Scales [23743_364886],vmc-material vs pimc-16/160,1109,a,16.53
Golgari Scales [23743_364886],vmc-material vs pimc-16/160,1110,b,51.03
Golgari Scales [23743_364886],vmc-material vs pimc-16/160,1111,b,22.68
Golgari Scales [23743_364886],vmc-material vs pimc-16/160,1112,b,50.04
Golgari Scales [23743_364886],vmc-material vs pimc-16/160,1113,b,16.16
Golgari Scales [23743_364886],vmc-material vs pimc-16/160,1114,a,12.43
Golgari Scales [23743_364886],vmc-material vs pimc-16/160,1115,b,16.73
Golgari Scales [23743_364886],vmc-material vs pimc-16/160,1116,a,54.48
Golgari Scales [23743_364886],vmc-material vs pimc-16/160,1117,b,24.34
Golgari Scales [23743_364886],vmc-material vs pimc-16/160,1118,a,16.98
Golgari Scales [23743_364886],vmc-material vs pimc-16/160,1119,a,21.90
Golgari Scales [23743_364886],vmc-material vs pimc-16/160,1120,b,41.05
Golgari Scales [23743_364886],vmc-material vs pimc-16/160,1121,a,11.28
Golgari Scales [23743_364886],vmc-material vs pimc-16/160,1122,a,11.48
Golgari Scales [23743_364886],vmc-material vs pimc-16/160,1123,b,22.39
Golgari Scales [23743_364886],vmc-material vs pimc-16/160,1124,a,15.64
Golgari Scales [23743_364886],vmc-material vs pimc-16/160,1125,a,10.04
Golgari Scales [23743_364886],vmc-material vs pimc-16/160,1126,b,25.98
Golgari Scales [23743_364886],vmc-material vs pimc-16/160,1127,b,15.52
Golgari Scales [23743_364886],vmc-material vs pimc-16/160,1128,a,9.59
Golgari Scales [23743_364886],vmc-material vs pimc-16/160,1129,a,96.85
Golgari Scales [23743_364886],vmc-material vs pimc-16/160,1130,a,50.22
Golgari Scales [23743_364886],vmc-material vs pimc-16/160,1131,a,22.36
Golgari Scales [23743_364886],vmc-material vs pimc-16/160,1132,a,20.89
Golgari Scales [23743_364886],vmc-material vs pimc-16/160,1133,a,22.78
Golgari Scales [23743_364886],vmc-material vs pimc-16/160,1134,b,22.26
Golgari Scales [23743_364886],vmc-material vs pimc-16/160,1135,a,13.16
Golgari Scales [23743_364886],vmc-material vs pimc-16/160,1136,b,24.58
Golgari Scales [23743_364886],vmc-material vs pimc-16/160,1137,b,26.28
Golgari Scales [23743_364886],vmc-material vs pimc-16/160,1138,a,9.53
Golgari Scales [23743_364886],vmc-material vs pimc-16/160,1139,a,19.78
Golgari Scales [23743_364886],vmc-material vs pimc-16/160,1140,a,10.85
Golgari Scales [23743_364886],vmc-material vs pimc-16/160,1141,b,25.83
Golgari Scales [23743_364886],vmc-material vs pimc-16/160,1142,a,20.05
Golgari Scales [23743_364886],vmc-material vs pimc-16/160,1143,a,10.80
Golgari Scales [23743_364886],vmc-material vs pimc-16/160,1144,b,118.51
Golgari Scales [23743_364886],vmc-material vs pimc-16/160,1145,a,59.97
Golgari Scales [23743_364886],vmc-material vs pimc-16/160,1146,b,29.62
Golgari Scales [23743_364886],vmc-material vs pimc-16/160,1147,a,12.85
Golgari Scales [23743_364886],vmc-material vs pimc-16/160,1148,b,27.99
Golgari Scales [23743_364886],vmc-material vs pimc-16/160,1149,a,65.22
Golgari Scales [23743_364886],vmc-material vs pimc-16/160,1150,b,16.58
Golgari Scales [23743_364886],vmc-material vs pimc-16/160,1151,b,30.56
Golgari Scales [23743_364886],vmc-material vs pimc-16/160,1152,a,36.59
Golgari Scales [23743_364886],vmc-material vs pimc-16/160,1153,a,11.24
Golgari Scales [23743_364886],vmc-material vs pimc-16/160,1154,b,31.45
Golgari Scales [23743_364886],vmc-material vs pimc-16/160,1155,b,30.47
Golgari Scales [23743_364886],vmc-material vs pimc-16/160,1156,b,15.78
Golgari Scales [23743_364886],vmc-material vs pimc-16/160,1157,a,43.88
Golgari Scales [23743_364886],vmc-material vs pimc-16/160,1158,a,40.75
Golgari Scales [23743_364886],vmc-material vs pimc-16/160,1159,b,51.18
Golgari Scales [23743_364886],vmc-material vs pimc-16/160,1160,a,13.04
Golgari Scales [23743_364886],vmc-material vs pimc-16/160,1161,a,15.29
Golgari Scales [23743_364886],vmc-material vs pimc-16/160,1162,a,16.23
Golgari Scales [23743_364886],vmc-material vs pimc-16/160,1163,b,25.01
Golgari Scales [23743_364886],vmc-material vs pimc-16/160,1164,b,53.72
Golgari Scales [23743_364886],vmc-material vs pimc-16/160,1165,a,16.72
Golgari Scales [23743_364886],vmc-material vs pimc-16/160,1166,b,38.90
Golgari Scales [23743_364886],vmc-material vs pimc-16/160,1167,b,27.40
Golgari Scales [23743_364886],vmc-material vs pimc-16/160,1168,b,41.93
Golgari Scales [23743_364886],vmc-material vs pimc-16/160,1169,b,19.78
Golgari Scales [23743_364886],vmc-material vs pimc-16/160,1170,a,19.09
Golgari Scales [23743_364886],vmc-material vs pimc-16/160,1171,b,19.19
Golgari Scales [23743_364886],vmc-material vs pimc-16/160,1172,b,44.35
Golgari Scales [23743_364886],vmc-material vs pimc-16/160,1173,a,49.55
Golgari Scales [23743_364886],vmc-material vs pimc-16/160,1174,b,20.59
Golgari Scales [23743_364886],vmc-material vs pimc-16/160,1175,a,35.30
Golgari Scales [23743_364886],vmc-material vs pimc-16/160,1176,b,42.38
Golgari Scales [23743_364886],vmc-material vs pimc-16/160,1177,a,35.05
Golgari Scales [23743_364886],vmc-material vs pimc-16/160,1178,b,20.56
Golgari Scales [23743_364886],vmc-material vs pimc-16/160,1179,a,17.20
Golgari Scales [23743_364886],vmc-material vs pimc-16/160,1180,a,21.30
Golgari Scales [23743_364886],vmc-material vs pimc-16/160,1181,b,26.47
Golgari Scales [23743_364886],vmc-material vs pimc-16/160,1182,a,47.80
Golgari Scales [23743_364886],vmc-material vs pimc-16/160,1183,b,32.60
Golgari Scales [23743_364886],vmc-material vs pimc-16/160,1184,b,32.63
Golgari Scales [23743_364886],vmc-material vs pimc-16/160,1185,a,28.47
Golgari Scales [23743_364886],vmc-material vs pimc-16/160,1186,a,18.60
Golgari Scales [23743_364886],vmc-material vs pimc-16/160,1187,a,24.87
Golgari Scales [23743_364886],vmc-material vs pimc-16/160,1188,a,18.86
Golgari Scales [23743_364886],vmc-material vs pimc-16/160,1189,a,12.92
Golgari Scales [23743_364886],vmc-material vs pimc-16/160,1190,a,28.91
Golgari Scales [23743_364886],vmc-material vs pimc-16/160,1191,b,29.13
Golgari Scales [23743_364886],vmc-material vs pimc-16/160,1192,b,34.90
Golgari Scales [23743_364886],vmc-material vs pimc-16/160,1193,b,46.13
Golgari Scales [23743_364886],vmc-material vs pimc-16/160,1194,b,15.40
Golgari Scales [23743_364886],vmc-material vs pimc-16/160,1195,a,28.91
Golgari Scales [23743_364886],vmc-material vs pimc-16/160,1196,a,14.69
Golgari Scales [23743_364886],vmc-material vs pimc-16/160,1197,a,38.67
Golgari Scales [23743_364886],vmc-material vs pimc-16/160,1198,b,84.11
Golgari Scales [23743_364886],vmc-material vs pimc-16/160,1199,a,43.72
Golgari Scales [23743_364886],vmc-material vs pimc-16/160,1200,a,17.57
Golgari Scales [23743_364886],vmc-material vs pimc-16/160,1201,b,70.19
Golgari Scales [23743_364886],vmc-material vs pimc-16/160,1202,b,26.48
Golgari Scales [23743_364886],vmc-material vs pimc-16/160,1203,b,31.13
Golgari Scales [23743_364886],vmc-material vs pimc-16/160,1204,b,45.42
Golgari Scales [23743_364886],vmc-material vs pimc-16/160,1205,a,24.22
Golgari Scales [23743_364886],vmc-material vs pimc-16/160,1206,b,33.97
Golgari Scales [23743_364886],vmc-material vs pimc-16/160,1207,a,14.27
Golgari Scales [23743_364886],vmc-material vs pimc-16/160,1208,a,56.57
Golgari Scales [23743_364886],vmc-material vs pimc-16/160,1209,b,25.57
Golgari Scales [23743_364886],vmc-material vs pimc-16/160,1210,b,18.69
Golgari Scales [23743_364886],vmc-material vs pimc-16/160,1211,b,11.90
Golgari Scales [23743_364886],vmc-material vs pimc-16/160,1212,a,17.24
Golgari Scales [23743_364886],vmc-material vs pimc-16/160,1213,a,22.79
Golgari Scales [23743_364886],vmc-material vs pimc-16/160,1214,b,22.54
Golgari Scales [23743_364886],vmc-material vs pimc-16/160,1215,a,47.13
Hardened Scales [23846_365831],vmc-material vs pimc-16/160,1000,a,18.92
Hardened Scales [23846_365831],vmc-material vs pimc-16/160,1001,a,53.28
Hardened Scales [23846_365831],vmc-material vs pimc-16/160,1002,b,21.80
Hardened Scales [23846_365831],vmc-material vs pimc-16/160,1003,a,36.31
Hardened Scales [23846_365831],vmc-material vs pimc-16/160,1004,b,18.69
Hardened Scales [23846_365831],vmc-material vs pimc-16/160,1005,a,35.74
Hardened Scales [23846_365831],vmc-material vs pimc-16/160,1006,a,22.29
Hardened Scales [23846_365831],vmc-material vs pimc-16/160,1007,b,26.22
Hardened Scales [23846_365831],vmc-material vs pimc-16/160,1008,a,22.15
Hardened Scales [23846_365831],vmc-material vs pimc-16/160,1009,b,34.81
Hardened Scales [23846_365831],vmc-material vs pimc-16/160,1010,a,24.23
Hardened Scales [23846_365831],vmc-material vs pimc-16/160,1011,a,18.09
Hardened Scales [23846_365831],vmc-material vs pimc-16/160,1012,b,62.99
Hardened Scales [23846_365831],vmc-material vs pimc-16/160,1013,b,49.03
Hardened Scales [23846_365831],vmc-material vs pimc-16/160,1014,b,40.90
Hardened Scales [23846_365831],vmc-material vs pimc-16/160,1015,b,47.39
Hardened Scales [23846_365831],vmc-material vs pimc-16/160,1016,a,16.46
Hardened Scales [23846_365831],vmc-material vs pimc-16/160,1017,a,23.51
Hardened Scales [23846_365831],vmc-material vs pimc-16/160,1018,a,30.50
Hardened Scales [23846_365831],vmc-material vs pimc-16/160,1019,a,17.14
Hardened Scales [23846_365831],vmc-material vs pimc-16/160,1020,a,15.52
Hardened Scales [23846_365831],vmc-material vs pimc-16/160,1021,b,30.51
Hardened Scales [23846_365831],vmc-material vs pimc-16/160,1022,b,19.69
Hardened Scales [23846_365831],vmc-material vs pimc-16/160,1023,b,25.27
Hardened Scales [23846_365831],vmc-material vs pimc-16/160,1024,a,17.64
Hardened Scales [23846_365831],vmc-material vs pimc-16/160,1025,a,43.22
Hardened Scales [23846_365831],vmc-material vs pimc-16/160,1026,a,13.08
Hardened Scales [23846_365831],vmc-material vs pimc-16/160,1027,b,23.93
Hardened Scales [23846_365831],vmc-material vs pimc-16/160,1028,b,25.48
Hardened Scales [23846_365831],vmc-material vs pimc-16/160,1029,a,13.41
Hardened Scales [23846_365831],vmc-material vs pimc-16/160,1030,b,35.71
Hardened Scales [23846_365831],vmc-material vs pimc-16/160,1031,a,30.38
Hardened Scales [23846_365831],vmc-material vs pimc-16/160,1032,a,25.61
Hardened Scales [23846_365831],vmc-material vs pimc-16/160,1033,b,146.07
Hardened Scales [23846_365831],vmc-material vs pimc-16/160,1034,b,14.71
Hardened Scales [23846_365831],vmc-material vs pimc-16/160,1035,a,44.49
Hardened Scales [23846_365831],vmc-material vs pimc-16/160,1036,b,63.68
Hardened Scales [23846_365831],vmc-material vs pimc-16/160,1037,a,38.55
Hardened Scales [23846_365831],vmc-material vs pimc-16/160,1038,b,34.63
Hardened Scales [23846_365831],vmc-material vs pimc-16/160,1039,b,21.93
Hardened Scales [23846_365831],vmc-material vs pimc-16/160,1040,b,20.88
Hardened Scales [23846_365831],vmc-material vs pimc-16/160,1041,b,50.15
Hardened Scales [23846_365831],vmc-material vs pimc-16/160,1042,a,10.70
Hardened Scales [23846_365831],vmc-material vs pimc-16/160,1043,a,21.72
Hardened Scales [23846_365831],vmc-material vs pimc-16/160,1044,a,22.60
Hardened Scales [23846_365831],vmc-material vs pimc-16/160,1045,a,22.23
Hardened Scales [23846_365831],vmc-material vs pimc-16/160,1046,b,28.26
Hardened Scales [23846_365831],vmc-material vs pimc-16/160,1047,b,35.94
Hardened Scales [23846_365831],vmc-material vs pimc-16/160,1048,b,26.38
Hardened Scales [23846_365831],vmc-material vs pimc-16/160,1049,a,14.75
Hardened Scales [23846_365831],vmc-material vs pimc-16/160,1050,a,9.81
Hardened Scales [23846_365831],vmc-material vs pimc-16/160,1051,b,40.11
Hardened Scales [23846_365831],vmc-material vs pimc-16/160,1052,b,31.00
Hardened Scales [23846_365831],vmc-material vs pimc-16/160,1053,a,23.20
Hardened Scales [23846_365831],vmc-material vs pimc-16/160,1054,a,49.14
Hardened Scales [23846_365831],vmc-material vs pimc-16/160,1055,a,55.42
Hardened Scales [23846_365831],vmc-material vs pimc-16/160,1056,a,40.06
Hardened Scales [23846_365831],vmc-material vs pimc-16/160,1057,a,26.23
Hardened Scales [23846_365831],vmc-material vs pimc-16/160,1058,b,28.80
Hardened Scales [23846_365831],vmc-material vs pimc-16/160,1059,b,29.86
Hardened Scales [23846_365831],vmc-material vs pimc-16/160,1060,a,17.50
Hardened Scales [23846_365831],vmc-material vs pimc-16/160,1061,b,115.47
Hardened Scales [23846_365831],vmc-material vs pimc-16/160,1062,b,38.02
Hardened Scales [23846_365831],vmc-material vs pimc-16/160,1063,a,32.40
Hardened Scales [23846_365831],vmc-material vs pimc-16/160,1064,a,50.86
Hardened Scales [23846_365831],vmc-material vs pimc-16/160,1065,a,33.50
Hardened Scales [23846_365831],vmc-material vs pimc-16/160,1066,b,27.50
Hardened Scales [23846_365831],vmc-material vs pimc-16/160,1067,a,27.33
Hardened Scales [23846_365831],vmc-material vs pimc-16/160,1068,b,32.52
Hardened Scales [23846_365831],vmc-material vs pimc-16/160,1069,a,62.73
Hardened Scales [23846_365831],vmc-material vs pimc-16/160,1070,b,36.57
Hardened Scales [23846_365831],vmc-material vs pimc-16/160,1071,a,32.80
Hardened Scales [23846_365831],vmc-material vs pimc-16/160,1072,a,16.79
Hardened Scales [23846_365831],vmc-material vs pimc-16/160,1073,b,28.05
Hardened Scales [23846_365831],vmc-material vs pimc-16/160,1074,b,28.00
Hardened Scales [23846_365831],vmc-material vs pimc-16/160,1075,a,15.96
Hardened Scales [23846_365831],vmc-material vs pimc-16/160,1076,a,14.04
Hardened Scales [23846_365831],vmc-material vs pimc-16/160,1077,b,52.51
Hardened Scales [23846_365831],vmc-material vs pimc-16/160,1078,b,20.09
Hardened Scales [23846_365831],vmc-material vs pimc-16/160,1079,a,29.43
Hardened Scales [23846_365831],vmc-material vs pimc-16/160,1080,b,102.05
Hardened Scales [23846_365831],vmc-material vs pimc-16/160,1081,b,44.85
Hardened Scales [23846_365831],vmc-material vs pimc-16/160,1082,a,23.39
Hardened Scales [23846_365831],vmc-material vs pimc-16/160,1083,a,9.64
Hardened Scales [23846_365831],vmc-material vs pimc-16/160,1084,a,13.99
Hardened Scales [23846_365831],vmc-material vs pimc-16/160,1085,b,64.35
Hardened Scales [23846_365831],vmc-material vs pimc-16/160,1086,b,14.57
Hardened Scales [23846_365831],vmc-material vs pimc-16/160,1087,b,32.99
Hardened Scales [23846_365831],vmc-material vs pimc-16/160,1088,a,25.29
Hardened Scales [23846_365831],vmc-material vs pimc-16/160,1089,a,43.02
Hardened Scales [23846_365831],vmc-material vs pimc-16/160,1090,a,23.98
Hardened Scales [23846_365831],vmc-material vs pimc-16/160,1091,a,15.74
Hardened Scales [23846_365831],vmc-material vs pimc-16/160,1092,a,27.78
Hardened Scales [23846_365831],vmc-material vs pimc-16/160,1093,a,18.01
Hardened Scales [23846_365831],vmc-material vs pimc-16/160,1094,a,24.02
Hardened Scales [23846_365831],vmc-material vs pimc-16/160,1095,a,25.09
Hardened Scales [23846_365831],vmc-material vs pimc-16/160,1096,b,25.52
Hardened Scales [23846_365831],vmc-material vs pimc-16/160,1097,b,29.30
Hardened Scales [23846_365831],vmc-material vs pimc-16/160,1098,a,12.46
Hardened Scales [23846_365831],vmc-material vs pimc-16/160,1099,a,14.87
Hardened Scales [23846_365831],vmc-material vs pimc-16/160,1100,b,48.16
Hardened Scales [23846_365831],vmc-material vs pimc-16/160,1101,b,25.78
Hardened Scales [23846_365831],vmc-material vs pimc-16/160,1102,b,18.55
Hardened Scales [23846_365831],vmc-material vs pimc-16/160,1103,a,36.28
Hardened Scales [23846_365831],vmc-material vs pimc-16/160,1104,a,15.67
Hardened Scales [23846_365831],vmc-material vs pimc-16/160,1105,b,38.26
Hardened Scales [23846_365831],vmc-material vs pimc-16/160,1106,a,17.35
Hardened Scales [23846_365831],vmc-material vs pimc-16/160,1107,b,64.11
Hardened Scales [23846_365831],vmc-material vs pimc-16/160,1108,a,24.82
Hardened Scales [23846_365831],vmc-material vs pimc-16/160,1109,a,9.35
Hardened Scales [23846_365831],vmc-material vs pimc-16/160,1110,a,28.32
Hardened Scales [23846_365831],vmc-material vs pimc-16/160,1111,b,31.45
Hardened Scales [23846_365831],vmc-material vs pimc-16/160,1112,a,53.83
Hardened Scales [23846_365831],vmc-material vs pimc-16/160,1113,b,22.44
Hardened Scales [23846_365831],vmc-material vs pimc-16/160,1114,a,10.07
Hardened Scales [23846_365831],vmc-material vs pimc-16/160,1115,b,29.49
Hardened Scales [23846_365831],vmc-material vs pimc-16/160,1116,b,22.79
Hardened Scales [23846_365831],vmc-material vs pimc-16/160,1117,b,23.09
Hardened Scales [23846_365831],vmc-material vs pimc-16/160,1118,a,13.29
Hardened Scales [23846_365831],vmc-material vs pimc-16/160,1119,b,21.92
Hardened Scales [23846_365831],vmc-material vs pimc-16/160,1120,b,21.96
Hardened Scales [23846_365831],vmc-material vs pimc-16/160,1121,a,16.86
Hardened Scales [23846_365831],vmc-material vs pimc-16/160,1122,a,10.90
Hardened Scales [23846_365831],vmc-material vs pimc-16/160,1123,a,18.21
Hardened Scales [23846_365831],vmc-material vs pimc-16/160,1124,a,11.90
Hardened Scales [23846_365831],vmc-material vs pimc-16/160,1125,a,19.38
Hardened Scales [23846_365831],vmc-material vs pimc-16/160,1126,b,57.37
Hardened Scales [23846_365831],vmc-material vs pimc-16/160,1127,a,74.69
Hardened Scales [23846_365831],vmc-material vs pimc-16/160,1128,a,22.53
Hardened Scales [23846_365831],vmc-material vs pimc-16/160,1129,b,62.91
Hardened Scales [23846_365831],vmc-material vs pimc-16/160,1130,a,28.61
Hardened Scales [23846_365831],vmc-material vs pimc-16/160,1131,b,31.98
Hardened Scales [23846_365831],vmc-material vs pimc-16/160,1132,a,26.57
Hardened Scales [23846_365831],vmc-material vs pimc-16/160,1133,a,25.70
Hardened Scales [23846_365831],vmc-material vs pimc-16/160,1134,a,28.51
Hardened Scales [23846_365831],vmc-material vs pimc-16/160,1135,a,7.88
Hardened Scales [23846_365831],vmc-material vs pimc-16/160,1136,a,20.71
Hardened Scales [23846_365831],vmc-material vs pimc-16/160,1137,b,16.07
Hardened Scales [23846_365831],vmc-material vs pimc-16/160,1138,b,34.41
Hardened Scales [23846_365831],vmc-material vs pimc-16/160,1139,a,15.84
Hardened Scales [23846_365831],vmc-material vs pimc-16/160,1140,a,9.58
Hardened Scales [23846_365831],vmc-material vs pimc-16/160,1141,b,34.12
Hardened Scales [23846_365831],vmc-material vs pimc-16/160,1142,b,31.97
Hardened Scales [23846_365831],vmc-material vs pimc-16/160,1143,a,15.85
Hardened Scales [23846_365831],vmc-material vs pimc-16/160,1144,b,52.08
Hardened Scales [23846_365831],vmc-material vs pimc-16/160,1145,b,51.83
Hardened Scales [23846_365831],vmc-material vs pimc-16/160,1146,b,29.81
Hardened Scales [23846_365831],vmc-material vs pimc-16/160,1147,a,27.56
Hardened Scales [23846_365831],vmc-material vs pimc-16/160,1148,b,27.49
Hardened Scales [23846_365831],vmc-material vs pimc-16/160,1149,b,25.07
Hardened Scales [23846_365831],vmc-material vs pimc-16/160,1150,a,32.42
Hardened Scales [23846_365831],vmc-material vs pimc-16/160,1151,b,39.08
Hardened Scales [23846_365831],vmc-material vs pimc-16/160,1152,b,43.91
Hardened Scales [23846_365831],vmc-material vs pimc-16/160,1153,a,11.77
Hardened Scales [23846_365831],vmc-material vs pimc-16/160,1154,b,35.40
Hardened Scales [23846_365831],vmc-material vs pimc-16/160,1155,a,24.70
Hardened Scales [23846_365831],vmc-material vs pimc-16/160,1156,a,19.39
Hardened Scales [23846_365831],vmc-material vs pimc-16/160,1157,b,12.99
Hardened Scales [23846_365831],vmc-material vs pimc-16/160,1158,b,18.43
Hardened Scales [23846_365831],vmc-material vs pimc-16/160,1159,b,24.38
Hardened Scales [23846_365831],vmc-material vs pimc-16/160,1160,a,14.88
Hardened Scales [23846_365831],vmc-material vs pimc-16/160,1161,a,18.52
Hardened Scales [23846_365831],vmc-material vs pimc-16/160,1162,a,18.74
Hardened Scales [23846_365831],vmc-material vs pimc-16/160,1163,b,40.10
Hardened Scales [23846_365831],vmc-material vs pimc-16/160,1164,b,20.84
Hardened Scales [23846_365831],vmc-material vs pimc-16/160,1165,a,11.82
Hardened Scales [23846_365831],vmc-material vs pimc-16/160,1166,a,10.45
Hardened Scales [23846_365831],vmc-material vs pimc-16/160,1167,b,10.10
Hardened Scales [23846_365831],vmc-material vs pimc-16/160,1168,b,34.05
Hardened Scales [23846_365831],vmc-material vs pimc-16/160,1169,b,23.98
Hardened Scales [23846_365831],vmc-material vs pimc-16/160,1170,b,48.08
Hardened Scales [23846_365831],vmc-material vs pimc-16/160,1171,b,34.25
Hardened Scales [23846_365831],vmc-material vs pimc-16/160,1172,a,40.57
Hardened Scales [23846_365831],vmc-material vs pimc-16/160,1173,a,14.19
Hardened Scales [23846_365831],vmc-material vs pimc-16/160,1174,a,44.39
Hardened Scales [23846_365831],vmc-material vs pimc-16/160,1175,a,21.79
Hardened Scales [23846_365831],vmc-material vs pimc-16/160,1176,b,16.10
Hardened Scales [23846_365831],vmc-material vs pimc-16/160,1177,b,37.08
Hardened Scales [23846_365831],vmc-material vs pimc-16/160,1178,b,18.39
Hardened Scales [23846_365831],vmc-material vs pimc-16/160,1179,b,14.19
Hardened Scales [23846_365831],vmc-material vs pimc-16/160,1180,b,25.78
Hardened Scales [23846_365831],vmc-material vs pimc-16/160,1181,a,18.22
Hardened Scales [23846_365831],vmc-material vs pimc-16/160,1182,a,49.34
Hardened Scales [23846_365831],vmc-material vs pimc-16/160,1183,b,34.15
Hardened Scales [23846_365831],vmc-material vs pimc-16/160,1184,a,16.08
Hardened Scales [23846_365831],vmc-material vs pimc-16/160,1185,a,34.50
Hardened Scales [23846_365831],vmc-material vs pimc-16/160,1186,a,24.17
Hardened Scales [23846_365831],vmc-material vs pimc-16/160,1187,a,16.86
Hardened Scales [23846_365831],vmc-material vs pimc-16/160,1188,b,30.32
Hardened Scales [23846_365831],vmc-material vs pimc-16/160,1189,a,20.13
Hardened Scales [23846_365831],vmc-material vs pimc-16/160,1190,b,20.55
Hardened Scales [23846_365831],vmc-material vs pimc-16/160,1191,a,17.96
Hardened Scales [23846_365831],vmc-material vs pimc-16/160,1192,a,15.69
Hardened Scales [23846_365831],vmc-material vs pimc-16/160,1193,b,23.65
Hardened Scales [23846_365831],vmc-material vs pimc-16/160,1194,a,33.69
Hardened Scales [23846_365831],vmc-material vs pimc-16/160,1195,a,26.22
Hardened Scales [23846_365831],vmc-material vs pimc-16/160,1196,a,9.78
Hardened Scales [23846_365831],vmc-material vs pimc-16/160,1197,a,20.86
Hardened Scales [23846_365831],vmc-material vs pimc-16/160,1198,b,61.94
Hardened Scales [23846_365831],vmc-material vs pimc-16/160,1199,a,17.58
Hardened Scales [23846_365831],vmc-material vs pimc-16/160,1200,b,20.94
Hardened Scales [23846_365831],vmc-material vs pimc-16/160,1201,b,15.45
Hardened Scales [23846_365831],vmc-material vs pimc-16/160,1202,a,13.39
Hardened Scales [23846_365831],vmc-material vs pimc-16/160,1203,a,26.57
Hardened Scales [23846_365831],vmc-material vs pimc-16/160,1204,a,20.68
Hardened Scales [23846_365831],vmc-material vs pimc-16/160,1205,a,20.32
Hardened Scales [23846_365831],vmc-material vs pimc-16/160,1206,a,45.86
Hardened Scales [23846_365831],vmc-material vs pimc-16/160,1207,a,50.50
Hardened Scales [23846_365831],vmc-material vs pimc-16/160,1208,b,13.51
Hardened Scales [23846_365831],vmc-material vs pimc-16/160,1209,b,32.21
Hardened Scales [23846_365831],vmc-material vs pimc-16/160,1210,b,27.34
Hardened Scales [23846_365831],vmc-material vs pimc-16/160,1211,a,17.27
Hardened Scales [23846_365831],vmc-material vs pimc-16/160,1212,a,14.57
Hardened Scales [23846_365831],vmc-material vs pimc-16/160,1213,a,22.05
Hardened Scales [23846_365831],vmc-material vs pimc-16/160,1214,a,32.99
Hardened Scales [23846_365831],vmc-material vs pimc-16/160,1215,b,27.50
Rakdos Aggro [24126_368389],vmc-material vs pimc-16/160,1000,a,19.84
Rakdos Aggro [24126_368389],vmc-material vs pimc-16/160,1001,b,17.24
Rakdos Aggro [24126_368389],vmc-material vs pimc-16/160,1002,a,40.22
Rakdos Aggro [24126_368389],vmc-material vs pimc-16/160,1003,a,19.82
Rakdos Aggro [24126_368389],vmc-material vs pimc-16/160,1004,a,13.63
Rakdos Aggro [24126_368389],vmc-material vs pimc-16/160,1005,a,28.01
Rakdos Aggro [24126_368389],vmc-material vs pimc-16/160,1006,a,16.78
Rakdos Aggro [24126_368389],vmc-material vs pimc-16/160,1007,a,17.83
Rakdos Aggro [24126_368389],vmc-material vs pimc-16/160,1008,a,25.88
Rakdos Aggro [24126_368389],vmc-material vs pimc-16/160,1009,a,16.48
Rakdos Aggro [24126_368389],vmc-material vs pimc-16/160,1010,a,19.96
Rakdos Aggro [24126_368389],vmc-material vs pimc-16/160,1011,b,22.69
Rakdos Aggro [24126_368389],vmc-material vs pimc-16/160,1012,a,54.23
Rakdos Aggro [24126_368389],vmc-material vs pimc-16/160,1013,b,22.49
Rakdos Aggro [24126_368389],vmc-material vs pimc-16/160,1014,a,21.98
Rakdos Aggro [24126_368389],vmc-material vs pimc-16/160,1015,b,45.80
Rakdos Aggro [24126_368389],vmc-material vs pimc-16/160,1016,a,31.76
Rakdos Aggro [24126_368389],vmc-material vs pimc-16/160,1017,a,44.61
Rakdos Aggro [24126_368389],vmc-material vs pimc-16/160,1018,b,102.39
Rakdos Aggro [24126_368389],vmc-material vs pimc-16/160,1019,a,11.91
Rakdos Aggro [24126_368389],vmc-material vs pimc-16/160,1020,b,40.03
Rakdos Aggro [24126_368389],vmc-material vs pimc-16/160,1021,a,12.81
Rakdos Aggro [24126_368389],vmc-material vs pimc-16/160,1022,a,59.65
Rakdos Aggro [24126_368389],vmc-material vs pimc-16/160,1023,a,17.55
Rakdos Aggro [24126_368389],vmc-material vs pimc-16/160,1024,b,27.54
Rakdos Aggro [24126_368389],vmc-material vs pimc-16/160,1025,b,15.97
Rakdos Aggro [24126_368389],vmc-material vs pimc-16/160,1026,b,30.63
Rakdos Aggro [24126_368389],vmc-material vs pimc-16/160,1027,a,24.37
Rakdos Aggro [24126_368389],vmc-material vs pimc-16/160,1028,b,43.35
Rakdos Aggro [24126_368389],vmc-material vs pimc-16/160,1029,b,19.56
Rakdos Aggro [24126_368389],vmc-material vs pimc-16/160,1030,a,17.28
Rakdos Aggro [24126_368389],vmc-material vs pimc-16/160,1031,a,18.13
Rakdos Aggro [24126_368389],vmc-material vs pimc-16/160,1032,b,33.20
Rakdos Aggro [24126_368389],vmc-material vs pimc-16/160,1033,a,12.05
Rakdos Aggro [24126_368389],vmc-material vs pimc-16/160,1034,b,18.17
Rakdos Aggro [24126_368389],vmc-material vs pimc-16/160,1035,a,24.39
Rakdos Aggro [24126_368389],vmc-material vs pimc-16/160,1036,a,60.39
Rakdos Aggro [24126_368389],vmc-material vs pimc-16/160,1037,b,52.90
Rakdos Aggro [24126_368389],vmc-material vs pimc-16/160,1038,a,39.47
Rakdos Aggro [24126_368389],vmc-material vs pimc-16/160,1039,a,16.47
Rakdos Aggro [24126_368389],vmc-material vs pimc-16/160,1040,a,17.45
Rakdos Aggro [24126_368389],vmc-material vs pimc-16/160,1041,b,34.77
Rakdos Aggro [24126_368389],vmc-material vs pimc-16/160,1042,a,40.15
Rakdos Aggro [24126_368389],vmc-material vs pimc-16/160,1043,a,21.84
Rakdos Aggro [24126_368389],vmc-material vs pimc-16/160,1044,a,37.94
Rakdos Aggro [24126_368389],vmc-material vs pimc-16/160,1045,a,24.96
Rakdos Aggro [24126_368389],vmc-material vs pimc-16/160,1046,a,41.31
Rakdos Aggro [24126_368389],vmc-material vs pimc-16/160,1047,a,21.49
Rakdos Aggro [24126_368389],vmc-material vs pimc-16/160,1048,a,25.93
Rakdos Aggro [24126_368389],vmc-material vs pimc-16/160,1049,a,21.91
Rakdos Aggro [24126_368389],vmc-material vs pimc-16/160,1050,b,17.67
Rakdos Aggro [24126_368389],vmc-material vs pimc-16/160,1051,b,18.54
Rakdos Aggro [24126_368389],vmc-material vs pimc-16/160,1052,b,37.32
Rakdos Aggro [24126_368389],vmc-material vs pimc-16/160,1053,b,31.86
Rakdos Aggro [24126_368389],vmc-material vs pimc-16/160,1054,b,20.63
Rakdos Aggro [24126_368389],vmc-material vs pimc-16/160,1055,a,20.58
Rakdos Aggro [24126_368389],vmc-material vs pimc-16/160,1056,b,15.63
Rakdos Aggro [24126_368389],vmc-material vs pimc-16/160,1057,a,28.88
Rakdos Aggro [24126_368389],vmc-material vs pimc-16/160,1058,a,22.18
Rakdos Aggro [24126_368389],vmc-material vs pimc-16/160,1059,a,11.05
Rakdos Aggro [24126_368389],vmc-material vs pimc-16/160,1060,a,11.47
Rakdos Aggro [24126_368389],vmc-material vs pimc-16/160,1061,a,15.09
Rakdos Aggro [24126_368389],vmc-material vs pimc-16/160,1062,b,67.56
Rakdos Aggro [24126_368389],vmc-material vs pimc-16/160,1063,a,23.72
Rakdos Aggro [24126_368389],vmc-material vs pimc-16/160,1064,b,24.91
Rakdos Aggro [24126_368389],vmc-material vs pimc-16/160,1065,b,17.52
Rakdos Aggro [24126_368389],vmc-material vs pimc-16/160,1066,b,26.40
Rakdos Aggro [24126_368389],vmc-material vs pimc-16/160,1067,a,24.56
Rakdos Aggro [24126_368389],vmc-material vs pimc-16/160,1068,b,21.50
Rakdos Aggro [24126_368389],vmc-material vs pimc-16/160,1069,a,16.70
Rakdos Aggro [24126_368389],vmc-material vs pimc-16/160,1070,b,26.76
Rakdos Aggro [24126_368389],vmc-material vs pimc-16/160,1071,a,16.52
Rakdos Aggro [24126_368389],vmc-material vs pimc-16/160,1072,b,16.33
Rakdos Aggro [24126_368389],vmc-material vs pimc-16/160,1073,a,57.63
Rakdos Aggro [24126_368389],vmc-material vs pimc-16/160,1074,a,17.91
Rakdos Aggro [24126_368389],vmc-material vs pimc-16/160,1075,a,10.72
Rakdos Aggro [24126_368389],vmc-material vs pimc-16/160,1076,a,17.37
Rakdos Aggro [24126_368389],vmc-material vs pimc-16/160,1077,a,20.01
Rakdos Aggro [24126_368389],vmc-material vs pimc-16/160,1078,b,22.12
Rakdos Aggro [24126_368389],vmc-material vs pimc-16/160,1079,b,40.81
Rakdos Aggro [24126_368389],vmc-material vs pimc-16/160,1080,a,15.46
Rakdos Aggro [24126_368389],vmc-material vs pimc-16/160,1081,b,15.94
Rakdos Aggro [24126_368389],vmc-material vs pimc-16/160,1082,a,9.90
Rakdos Aggro [24126_368389],vmc-material vs pimc-16/160,1083,a,27.51
Rakdos Aggro [24126_368389],vmc-material vs pimc-16/160,1084,a,22.34
Rakdos Aggro [24126_368389],vmc-material vs pimc-16/160,1085,a,29.24
Rakdos Aggro [24126_368389],vmc-material vs pimc-16/160,1086,b,13.83
Rakdos Aggro [24126_368389],vmc-material vs pimc-16/160,1087,a,18.03
Rakdos Aggro [24126_368389],vmc-material vs pimc-16/160,1088,b,26.24
Rakdos Aggro [24126_368389],vmc-material vs pimc-16/160,1089,a,48.30
Rakdos Aggro [24126_368389],vmc-material vs pimc-16/160,1090,b,22.24
Rakdos Aggro [24126_368389],vmc-material vs pimc-16/160,1091,b,21.47
Rakdos Aggro [24126_368389],vmc-material vs pimc-16/160,1092,a,17.62
Rakdos Aggro [24126_368389],vmc-material vs pimc-16/160,1093,b,33.57
Rakdos Aggro [24126_368389],vmc-material vs pimc-16/160,1094,a,23.22
Rakdos Aggro [24126_368389],vmc-material vs pimc-16/160,1095,a,15.80
Rakdos Aggro [24126_368389],vmc-material vs pimc-16/160,1096,a,17.80
Rakdos Aggro [24126_368389],vmc-material vs pimc-16/160,1097,b,17.03
Rakdos Aggro [24126_368389],vmc-material vs pimc-16/160,1098,a,18.94
Rakdos Aggro [24126_368389],vmc-material vs pimc-16/160,1099,a,16.94
Rakdos Aggro [24126_368389],vmc-material vs pimc-16/160,1100,a,49.21
Rakdos Aggro [24126_368389],vmc-material vs pimc-16/160,1101,b,18.41
Rakdos Aggro [24126_368389],vmc-material vs pimc-16/160,1102,a,76.30
Rakdos Aggro [24126_368389],vmc-material vs pimc-16/160,1103,b,21.51
Rakdos Aggro [24126_368389],vmc-material vs pimc-16/160,1104,a,26.89
Rakdos Aggro [24126_368389],vmc-material vs pimc-16/160,1105,a,36.28
Rakdos Aggro [24126_368389],vmc-material vs pimc-16/160,1106,a,44.77
Rakdos Aggro [24126_368389],vmc-material vs pimc-16/160,1107,a,20.85
Rakdos Aggro [24126_368389],vmc-material vs pimc-16/160,1108,a,21.64
Rakdos Aggro [24126_368389],vmc-material vs pimc-16/160,1109,b,18.53
Rakdos Aggro [24126_368389],vmc-material vs pimc-16/160,1110,a,12.55
Rakdos Aggro [24126_368389],vmc-material vs pimc-16/160,1111,b,13.95
Rakdos Aggro [24126_368389],vmc-material vs pimc-16/160,1112,b,11.84
Rakdos Aggro [24126_368389],vmc-material vs pimc-16/160,1113,a,18.91
Rakdos Aggro [24126_368389],vmc-material vs pimc-16/160,1114,a,28.32
Rakdos Aggro [24126_368389],vmc-material vs pimc-16/160,1115,b,21.41
Rakdos Aggro [24126_368389],vmc-material vs pimc-16/160,1116,a,25.49
Rakdos Aggro [24126_368389],vmc-material vs pimc-16/160,1117,a,25.06
Rakdos Aggro [24126_368389],vmc-material vs pimc-16/160,1118,a,33.77
Rakdos Aggro [24126_368389],vmc-material vs pimc-16/160,1119,b,18.37
Rakdos Aggro [24126_368389],vmc-material vs pimc-16/160,1120,b,33.12
Rakdos Aggro [24126_368389],vmc-material vs pimc-16/160,1121,b,17.52
Rakdos Aggro [24126_368389],vmc-material vs pimc-16/160,1122,a,16.28
Rakdos Aggro [24126_368389],vmc-material vs pimc-16/160,1123,a,29.11
Rakdos Aggro [24126_368389],vmc-material vs pimc-16/160,1124,a,18.54
Rakdos Aggro [24126_368389],vmc-material vs pimc-16/160,1125,a,7.80
Rakdos Aggro [24126_368389],vmc-material vs pimc-16/160,1126,b,15.99
Rakdos Aggro [24126_368389],vmc-material vs pimc-16/160,1127,a,27.38
Rakdos Aggro [24126_368389],vmc-material vs pimc-16/160,1128,b,24.07
Rakdos Aggro [24126_368389],vmc-material vs pimc-16/160,1129,a,21.28
Rakdos Aggro [24126_368389],vmc-material vs pimc-16/160,1130,b,51.00
Rakdos Aggro [24126_368389],vmc-material vs pimc-16/160,1131,b,22.44
Rakdos Aggro [24126_368389],vmc-material vs pimc-16/160,1132,b,27.90
Rakdos Aggro [24126_368389],vmc-material vs pimc-16/160,1133,a,20.94
Rakdos Aggro [24126_368389],vmc-material vs pimc-16/160,1134,a,16.06
Rakdos Aggro [24126_368389],vmc-material vs pimc-16/160,1135,b,31.34
Rakdos Aggro [24126_368389],vmc-material vs pimc-16/160,1136,a,14.80
Rakdos Aggro [24126_368389],vmc-material vs pimc-16/160,1137,b,23.89
Rakdos Aggro [24126_368389],vmc-material vs pimc-16/160,1138,b,19.53
Rakdos Aggro [24126_368389],vmc-material vs pimc-16/160,1139,a,27.53
Rakdos Aggro [24126_368389],vmc-material vs pimc-16/160,1140,b,48.18
Rakdos Aggro [24126_368389],vmc-material vs pimc-16/160,1141,b,16.04
Rakdos Aggro [24126_368389],vmc-material vs pimc-16/160,1142,b,14.69
Rakdos Aggro [24126_368389],vmc-material vs pimc-16/160,1143,a,17.46
Rakdos Aggro [24126_368389],vmc-material vs pimc-16/160,1144,b,60.89
Rakdos Aggro [24126_368389],vmc-material vs pimc-16/160,1145,a,13.61
Rakdos Aggro [24126_368389],vmc-material vs pimc-16/160,1146,a,11.48
Rakdos Aggro [24126_368389],vmc-material vs pimc-16/160,1147,a,35.10
Rakdos Aggro [24126_368389],vmc-material vs pimc-16/160,1148,a,25.42
Rakdos Aggro [24126_368389],vmc-material vs pimc-16/160,1149,a,45.90
Rakdos Aggro [24126_368389],vmc-material vs pimc-16/160,1150,b,25.56
Rakdos Aggro [24126_368389],vmc-material vs pimc-16/160,1151,a,35.60
Rakdos Aggro [24126_368389],vmc-material vs pimc-16/160,1152,a,40.95
Rakdos Aggro [24126_368389],vmc-material vs pimc-16/160,1153,a,50.44
Rakdos Aggro [24126_368389],vmc-material vs pimc-16/160,1154,a,39.61
Rakdos Aggro [24126_368389],vmc-material vs pimc-16/160,1155,a,19.39
Rakdos Aggro [24126_368389],vmc-material vs pimc-16/160,1156,b,20.95
Rakdos Aggro [24126_368389],vmc-material vs pimc-16/160,1157,a,10.54
Rakdos Aggro [24126_368389],vmc-material vs pimc-16/160,1158,a,7.94
Rakdos Aggro [24126_368389],vmc-material vs pimc-16/160,1159,b,22.83
Rakdos Aggro [24126_368389],vmc-material vs pimc-16/160,1160,a,11.32
Rakdos Aggro [24126_368389],vmc-material vs pimc-16/160,1161,a,41.11
Rakdos Aggro [24126_368389],vmc-material vs pimc-16/160,1162,b,26.24
Rakdos Aggro [24126_368389],vmc-material vs pimc-16/160,1163,b,60.85
Rakdos Aggro [24126_368389],vmc-material vs pimc-16/160,1164,b,20.53
Rakdos Aggro [24126_368389],vmc-material vs pimc-16/160,1165,b,24.14
Rakdos Aggro [24126_368389],vmc-material vs pimc-16/160,1166,b,28.20
Rakdos Aggro [24126_368389],vmc-material vs pimc-16/160,1167,a,25.04
Rakdos Aggro [24126_368389],vmc-material vs pimc-16/160,1168,a,31.09
Rakdos Aggro [24126_368389],vmc-material vs pimc-16/160,1169,a,37.29
Rakdos Aggro [24126_368389],vmc-material vs pimc-16/160,1170,b,23.34
Rakdos Aggro [24126_368389],vmc-material vs pimc-16/160,1171,a,10.98
Rakdos Aggro [24126_368389],vmc-material vs pimc-16/160,1172,a,19.98
Rakdos Aggro [24126_368389],vmc-material vs pimc-16/160,1173,b,16.86
Rakdos Aggro [24126_368389],vmc-material vs pimc-16/160,1174,a,22.73
Rakdos Aggro [24126_368389],vmc-material vs pimc-16/160,1175,b,27.84
Rakdos Aggro [24126_368389],vmc-material vs pimc-16/160,1176,a,45.21
Rakdos Aggro [24126_368389],vmc-material vs pimc-16/160,1177,a,16.75
Rakdos Aggro [24126_368389],vmc-material vs pimc-16/160,1178,b,18.70
Rakdos Aggro [24126_368389],vmc-material vs pimc-16/160,1179,b,58.44
Rakdos Aggro [24126_368389],vmc-material vs pimc-16/160,1180,a,47.36
Rakdos Aggro [24126_368389],vmc-material vs pimc-16/160,1181,b,28.49
Rakdos Aggro [24126_368389],vmc-material vs pimc-16/160,1182,b,47.40
Rakdos Aggro [24126_368389],vmc-material vs pimc-16/160,1183,b,16.58
Rakdos Aggro [24126_368389],vmc-material vs pimc-16/160,1184,b,20.38
Rakdos Aggro [24126_368389],vmc-material vs pimc-16/160,1185,a,30.28
Rakdos Aggro [24126_368389],vmc-material vs pimc-16/160,1186,b,38.78
Rakdos Aggro [24126_368389],vmc-material vs pimc-16/160,1187,a,32.47
Rakdos Aggro [24126_368389],vmc-material vs pimc-16/160,1188,b,20.91
Rakdos Aggro [24126_368389],vmc-material vs pimc-16/160,1189,a,23.31
Rakdos Aggro [24126_368389],vmc-material vs pimc-16/160,1190,a,30.39
Rakdos Aggro [24126_368389],vmc-material vs pimc-16/160,1191,b,12.53
Rakdos Aggro [24126_368389],vmc-material vs pimc-16/160,1192,a,20.62
Rakdos Aggro [24126_368389],vmc-material vs pimc-16/160,1193,a,56.39
Rakdos Aggro [24126_368389],vmc-material vs pimc-16/160,1194,a,21.04
Rakdos Aggro [24126_368389],vmc-material vs pimc-16/160,1195,b,43.28
Rakdos Aggro [24126_368389],vmc-material vs pimc-16/160,1196,a,15.98
Rakdos Aggro [24126_368389],vmc-material vs pimc-16/160,1197,a,19.90
Rakdos Aggro [24126_368389],vmc-material vs pimc-16/160,1198,a,26.69
Rakdos Aggro [24126_368389],vmc-material vs pimc-16/160,1199,b,41.74
Rakdos Aggro [24126_368389],vmc-material vs pimc-16/160,1200,a,9.35
Rakdos Aggro [24126_368389],vmc-material vs pimc-16/160,1201,b,28.30
Rakdos Aggro [24126_368389],vmc-material vs pimc-16/160,1202,a,44.76
Rakdos Aggro [24126_368389],vmc-material vs pimc-16/160,1203,a,38.52
Rakdos Aggro [24126_368389],vmc-material vs pimc-16/160,1204,a,24.06
Rakdos Aggro [24126_368389],vmc-material vs pimc-16/160,1205,a,49.64
Rakdos Aggro [24126_368389],vmc-material vs pimc-16/160,1206,b,40.86
Rakdos Aggro [24126_368389],vmc-material vs pimc-16/160,1207,a,26.41
Rakdos Aggro [24126_368389],vmc-material vs pimc-16/160,1208,a,28.81
Rakdos Aggro [24126_368389],vmc-material vs pimc-16/160,1209,b,14.60
Rakdos Aggro [24126_368389],vmc-material vs pimc-16/160,1210,a,16.91
Rakdos Aggro [24126_368389],vmc-material vs pimc-16/160,1211,a,31.16
Rakdos Aggro [24126_368389],vmc-material vs pimc-16/160,1212,b,16.34
Rakdos Aggro [24126_368389],vmc-material vs pimc-16/160,1213,b,28.88
Rakdos Aggro [24126_368389],vmc-material vs pimc-16/160,1214,a,28.40
Rakdos Aggro [24126_368389],vmc-material vs pimc-16/160,1215,a,19.40
Red Deck Wins [24148_368536],vmc-material vs pimc-16/160,1000,b,45.63
Red Deck Wins [24148_368536],vmc-material vs pimc-16/160,1001,a,17.70
Red Deck Wins [24148_368536],vmc-material vs pimc-16/160,1002,a,17.46
Red Deck Wins [24148_368536],vmc-material vs pimc-16/160,1003,b,38.99
Red Deck Wins [24148_368536],vmc-material vs pimc-16/160,1004,a,28.49
Red Deck Wins [24148_368536],vmc-material vs pimc-16/160,1005,b,68.63
Red Deck Wins [24148_368536],vmc-material vs pimc-16/160,1006,b,20.19
Red Deck Wins [24148_368536],vmc-material vs pimc-16/160,1007,a,21.35
Red Deck Wins [24148_368536],vmc-material vs pimc-16/160,1008,b,21.40
Red Deck Wins [24148_368536],vmc-material vs pimc-16/160,1009,b,26.69
Red Deck Wins [24148_368536],vmc-material vs pimc-16/160,1010,b,23.56
Red Deck Wins [24148_368536],vmc-material vs pimc-16/160,1011,a,68.18
Red Deck Wins [24148_368536],vmc-material vs pimc-16/160,1012,a,12.09
Red Deck Wins [24148_368536],vmc-material vs pimc-16/160,1013,a,22.55
Red Deck Wins [24148_368536],vmc-material vs pimc-16/160,1014,a,10.98
Red Deck Wins [24148_368536],vmc-material vs pimc-16/160,1015,a,17.54
Red Deck Wins [24148_368536],vmc-material vs pimc-16/160,1016,a,29.45
Red Deck Wins [24148_368536],vmc-material vs pimc-16/160,1017,a,32.76
Red Deck Wins [24148_368536],vmc-material vs pimc-16/160,1018,b,28.93
Red Deck Wins [24148_368536],vmc-material vs pimc-16/160,1019,a,27.47
Red Deck Wins [24148_368536],vmc-material vs pimc-16/160,1020,a,25.35
Red Deck Wins [24148_368536],vmc-material vs pimc-16/160,1021,a,16.95
Red Deck Wins [24148_368536],vmc-material vs pimc-16/160,1022,a,39.18
Red Deck Wins [24148_368536],vmc-material vs pimc-16/160,1023,b,54.61
Red Deck Wins [24148_368536],vmc-material vs pimc-16/160,1024,a,32.01
Red Deck Wins [24148_368536],vmc-material vs pimc-16/160,1025,a,20.60
Red Deck Wins [24148_368536],vmc-material vs pimc-16/160,1026,a,11.14
Red Deck Wins [24148_368536],vmc-material vs pimc-16/160,1027,b,26.51
Red Deck Wins [24148_368536],vmc-material vs pimc-16/160,1028,b,34.34
Red Deck Wins [24148_368536],vmc-material vs pimc-16/160,1029,a,11.42
Red Deck Wins [24148_368536],vmc-material vs pimc-16/160,1030,a,9.55
Red Deck Wins [24148_368536],vmc-material vs pimc-16/160,1031,a,11.99
Red Deck Wins [24148_368536],vmc-material vs pimc-16/160,1032,a,14.24
Red Deck Wins [24148_368536],vmc-material vs pimc-16/160,1033,b,23.16
Red Deck Wins [24148_368536],vmc-material vs pimc-16/160,1034,a,28.44
Red Deck Wins [24148_368536],vmc-material vs pimc-16/160,1035,b,27.38
Red Deck Wins [24148_368536],vmc-material vs pimc-16/160,1036,a,26.33
Red Deck Wins [24148_368536],vmc-material vs pimc-16/160,1037,a,23.26
Red Deck Wins [24148_368536],vmc-material vs pimc-16/160,1038,a,33.89
Red Deck Wins [24148_368536],vmc-material vs pimc-16/160,1039,a,20.38
Red Deck Wins [24148_368536],vmc-material vs pimc-16/160,1040,a,25.05
Red Deck Wins [24148_368536],vmc-material vs pimc-16/160,1041,b,44.14
Red Deck Wins [24148_368536],vmc-material vs pimc-16/160,1042,a,18.27
Red Deck Wins [24148_368536],vmc-material vs pimc-16/160,1043,a,12.89
Red Deck Wins [24148_368536],vmc-material vs pimc-16/160,1044,a,18.51
Red Deck Wins [24148_368536],vmc-material vs pimc-16/160,1045,b,20.30
Red Deck Wins [24148_368536],vmc-material vs pimc-16/160,1046,a,10.04
Red Deck Wins [24148_368536],vmc-material vs pimc-16/160,1047,b,25.25
Red Deck Wins [24148_368536],vmc-material vs pimc-16/160,1048,b,17.05
Red Deck Wins [24148_368536],vmc-material vs pimc-16/160,1049,a,13.41
Red Deck Wins [24148_368536],vmc-material vs pimc-16/160,1050,a,15.44
Red Deck Wins [24148_368536],vmc-material vs pimc-16/160,1051,b,18.29
Red Deck Wins [24148_368536],vmc-material vs pimc-16/160,1052,a,18.27
Red Deck Wins [24148_368536],vmc-material vs pimc-16/160,1053,b,37.49
Red Deck Wins [24148_368536],vmc-material vs pimc-16/160,1054,b,37.31
Red Deck Wins [24148_368536],vmc-material vs pimc-16/160,1055,a,16.92
Red Deck Wins [24148_368536],vmc-material vs pimc-16/160,1056,a,20.39
Red Deck Wins [24148_368536],vmc-material vs pimc-16/160,1057,a,29.32
Red Deck Wins [24148_368536],vmc-material vs pimc-16/160,1058,a,15.51
Red Deck Wins [24148_368536],vmc-material vs pimc-16/160,1059,b,20.43
Red Deck Wins [24148_368536],vmc-material vs pimc-16/160,1060,a,15.02
Red Deck Wins [24148_368536],vmc-material vs pimc-16/160,1061,b,52.13
Red Deck Wins [24148_368536],vmc-material vs pimc-16/160,1062,a,31.93
Red Deck Wins [24148_368536],vmc-material vs pimc-16/160,1063,b,19.19
Red Deck Wins [24148_368536],vmc-material vs pimc-16/160,1064,a,19.60
Red Deck Wins [24148_368536],vmc-material vs pimc-16/160,1065,b,26.93
Red Deck Wins [24148_368536],vmc-material vs pimc-16/160,1066,a,18.30
Red Deck Wins [24148_368536],vmc-material vs pimc-16/160,1067,b,26.25
Red Deck Wins [24148_368536],vmc-material vs pimc-16/160,1068,a,28.74
Red Deck Wins [24148_368536],vmc-material vs pimc-16/160,1069,b,20.38
Red Deck Wins [24148_368536],vmc-material vs pimc-16/160,1070,b,18.13
Red Deck Wins [24148_368536],vmc-material vs pimc-16/160,1071,b,40.30
Red Deck Wins [24148_368536],vmc-material vs pimc-16/160,1072,a,14.59
Red Deck Wins [24148_368536],vmc-material vs pimc-16/160,1073,b,19.18
Red Deck Wins [24148_368536],vmc-material vs pimc-16/160,1074,b,22.49
Red Deck Wins [24148_368536],vmc-material vs pimc-16/160,1075,a,13.90
Red Deck Wins [24148_368536],vmc-material vs pimc-16/160,1076,a,11.33
Red Deck Wins [24148_368536],vmc-material vs pimc-16/160,1077,b,29.37
Red Deck Wins [24148_368536],vmc-material vs pimc-16/160,1078,b,20.36
Red Deck Wins [24148_368536],vmc-material vs pimc-16/160,1079,b,18.63
Red Deck Wins [24148_368536],vmc-material vs pimc-16/160,1080,a,25.84
Red Deck Wins [24148_368536],vmc-material vs pimc-16/160,1081,a,45.11
Red Deck Wins [24148_368536],vmc-material vs pimc-16/160,1082,a,18.05
Red Deck Wins [24148_368536],vmc-material vs pimc-16/160,1083,a,23.97
Red Deck Wins [24148_368536],vmc-material vs pimc-16/160,1084,b,44.96
Red Deck Wins [24148_368536],vmc-material vs pimc-16/160,1085,b,36.93
Red Deck Wins [24148_368536],vmc-material vs pimc-16/160,1086,a,10.68
Red Deck Wins [24148_368536],vmc-material vs pimc-16/160,1087,b,35.39
Red Deck Wins [24148_368536],vmc-material vs pimc-16/160,1088,b,23.11
Red Deck Wins [24148_368536],vmc-material vs pimc-16/160,1089,b,16.65
Red Deck Wins [24148_368536],vmc-material vs pimc-16/160,1090,a,41.12
Red Deck Wins [24148_368536],vmc-material vs pimc-16/160,1091,a,16.95
Red Deck Wins [24148_368536],vmc-material vs pimc-16/160,1092,a,24.78
Red Deck Wins [24148_368536],vmc-material vs pimc-16/160,1093,a,36.58
Red Deck Wins [24148_368536],vmc-material vs pimc-16/160,1094,b,16.38
Red Deck Wins [24148_368536],vmc-material vs pimc-16/160,1095,b,24.65
Red Deck Wins [24148_368536],vmc-material vs pimc-16/160,1096,b,17.39
Red Deck Wins [24148_368536],vmc-material vs pimc-16/160,1097,a,15.93
Red Deck Wins [24148_368536],vmc-material vs pimc-16/160,1098,a,10.88
Red Deck Wins [24148_368536],vmc-material vs pimc-16/160,1099,b,47.95
Red Deck Wins [24148_368536],vmc-material vs pimc-16/160,1100,a,44.45
Red Deck Wins [24148_368536],vmc-material vs pimc-16/160,1101,a,13.52
Red Deck Wins [24148_368536],vmc-material vs pimc-16/160,1102,a,18.86
Red Deck Wins [24148_368536],vmc-material vs pimc-16/160,1103,a,19.57
Red Deck Wins [24148_368536],vmc-material vs pimc-16/160,1104,a,9.14
Red Deck Wins [24148_368536],vmc-material vs pimc-16/160,1105,b,11.30
Red Deck Wins [24148_368536],vmc-material vs pimc-16/160,1106,b,24.18
Red Deck Wins [24148_368536],vmc-material vs pimc-16/160,1107,a,18.42
Red Deck Wins [24148_368536],vmc-material vs pimc-16/160,1108,b,25.83
Red Deck Wins [24148_368536],vmc-material vs pimc-16/160,1109,a,17.97
Red Deck Wins [24148_368536],vmc-material vs pimc-16/160,1110,a,16.67
Red Deck Wins [24148_368536],vmc-material vs pimc-16/160,1111,b,34.40
Red Deck Wins [24148_368536],vmc-material vs pimc-16/160,1112,b,57.87
Red Deck Wins [24148_368536],vmc-material vs pimc-16/160,1113,a,24.09
Red Deck Wins [24148_368536],vmc-material vs pimc-16/160,1114,a,18.17
Red Deck Wins [24148_368536],vmc-material vs pimc-16/160,1115,a,27.37
Red Deck Wins [24148_368536],vmc-material vs pimc-16/160,1116,a,46.83
Red Deck Wins [24148_368536],vmc-material vs pimc-16/160,1117,b,48.96
Red Deck Wins [24148_368536],vmc-material vs pimc-16/160,1118,a,20.88
Red Deck Wins [24148_368536],vmc-material vs pimc-16/160,1119,b,20.51
Red Deck Wins [24148_368536],vmc-material vs pimc-16/160,1120,b,39.97
Red Deck Wins [24148_368536],vmc-material vs pimc-16/160,1121,a,33.32
Red Deck Wins [24148_368536],vmc-material vs pimc-16/160,1122,a,15.61
Red Deck Wins [24148_368536],vmc-material vs pimc-16/160,1123,a,13.17
Red Deck Wins [24148_368536],vmc-material vs pimc-16/160,1124,a,17.05
Red Deck Wins [24148_368536],vmc-material vs pimc-16/160,1125,b,59.92
Red Deck Wins [24148_368536],vmc-material vs pimc-16/160,1126,a,56.32
Red Deck Wins [24148_368536],vmc-material vs pimc-16/160,1127,b,24.69
Red Deck Wins [24148_368536],vmc-material vs pimc-16/160,1128,a,12.72
Red Deck Wins [24148_368536],vmc-material vs pimc-16/160,1129,b,27.43
Red Deck Wins [24148_368536],vmc-material vs pimc-16/160,1130,b,24.90
Red Deck Wins [24148_368536],vmc-material vs pimc-16/160,1131,a,59.24
Red Deck Wins [24148_368536],vmc-material vs pimc-16/160,1132,b,30.89
Red Deck Wins [24148_368536],vmc-material vs pimc-16/160,1133,b,45.09
Red Deck Wins [24148_368536],vmc-material vs pimc-16/160,1134,a,21.55
Red Deck Wins [24148_368536],vmc-material vs pimc-16/160,1135,a,28.80
Red Deck Wins [24148_368536],vmc-material vs pimc-16/160,1136,b,21.45
Red Deck Wins [24148_368536],vmc-material vs pimc-16/160,1137,b,41.80
Red Deck Wins [24148_368536],vmc-material vs pimc-16/160,1138,a,20.17
Red Deck Wins [24148_368536],vmc-material vs pimc-16/160,1139,a,23.75
Red Deck Wins [24148_368536],vmc-material vs pimc-16/160,1140,a,9.78
Red Deck Wins [24148_368536],vmc-material vs pimc-16/160,1141,b,41.29
Red Deck Wins [24148_368536],vmc-material vs pimc-16/160,1142,b,14.17
Red Deck Wins [24148_368536],vmc-material vs pimc-16/160,1143,b,46.99
Red Deck Wins [24148_368536],vmc-material vs pimc-16/160,1144,a,20.09
Red Deck Wins [24148_368536],vmc-material vs pimc-16/160,1145,b,40.81
Red Deck Wins [24148_368536],vmc-material vs pimc-16/160,1146,b,18.72
Red Deck Wins [24148_368536],vmc-material vs pimc-16/160,1147,b,31.40
Red Deck Wins [24148_368536],vmc-material vs pimc-16/160,1148,b,26.00
Red Deck Wins [24148_368536],vmc-material vs pimc-16/160,1149,a,19.11
Red Deck Wins [24148_368536],vmc-material vs pimc-16/160,1150,a,11.05
Red Deck Wins [24148_368536],vmc-material vs pimc-16/160,1151,b,32.98
Red Deck Wins [24148_368536],vmc-material vs pimc-16/160,1152,b,32.10
Red Deck Wins [24148_368536],vmc-material vs pimc-16/160,1153,a,35.90
Red Deck Wins [24148_368536],vmc-material vs pimc-16/160,1154,a,19.15
Red Deck Wins [24148_368536],vmc-material vs pimc-16/160,1155,b,17.53
Red Deck Wins [24148_368536],vmc-material vs pimc-16/160,1156,a,20.02
Red Deck Wins [24148_368536],vmc-material vs pimc-16/160,1157,b,28.00
Red Deck Wins [24148_368536],vmc-material vs pimc-16/160,1158,b,13.69
Red Deck Wins [24148_368536],vmc-material vs pimc-16/160,1159,b,20.53
Red Deck Wins [24148_368536],vmc-material vs pimc-16/160,1160,a,9.58
Red Deck Wins [24148_368536],vmc-material vs pimc-16/160,1161,b,32.41
Red Deck Wins [24148_368536],vmc-material vs pimc-16/160,1162,b,20.40
Red Deck Wins [24148_368536],vmc-material vs pimc-16/160,1163,b,24.40
Red Deck Wins [24148_368536],vmc-material vs pimc-16/160,1164,a,20.33
Red Deck Wins [24148_368536],vmc-material vs pimc-16/160,1165,b,21.24
Red Deck Wins [24148_368536],vmc-material vs pimc-16/160,1166,b,29.83
Red Deck Wins [24148_368536],vmc-material vs pimc-16/160,1167,a,34.15
Red Deck Wins [24148_368536],vmc-material vs pimc-16/160,1168,a,17.25
Red Deck Wins [24148_368536],vmc-material vs pimc-16/160,1169,a,60.77
Red Deck Wins [24148_368536],vmc-material vs pimc-16/160,1170,b,24.04
Red Deck Wins [24148_368536],vmc-material vs pimc-16/160,1171,b,20.34
Red Deck Wins [24148_368536],vmc-material vs pimc-16/160,1172,b,35.71
Red Deck Wins [24148_368536],vmc-material vs pimc-16/160,1173,a,15.67
Red Deck Wins [24148_368536],vmc-material vs pimc-16/160,1174,a,22.01
Red Deck Wins [24148_368536],vmc-material vs pimc-16/160,1175,b,21.84
Red Deck Wins [24148_368536],vmc-material vs pimc-16/160,1176,b,18.59
Red Deck Wins [24148_368536],vmc-material vs pimc-16/160,1177,a,16.60
Red Deck Wins [24148_368536],vmc-material vs pimc-16/160,1178,a,11.87
Red Deck Wins [24148_368536],vmc-material vs pimc-16/160,1179,a,18.66
Red Deck Wins [24148_368536],vmc-material vs pimc-16/160,1180,b,16.55
Red Deck Wins [24148_368536],vmc-material vs pimc-16/160,1181,b,23.74
Red Deck Wins [24148_368536],vmc-material vs pimc-16/160,1182,a,16.40
Red Deck Wins [24148_368536],vmc-material vs pimc-16/160,1183,b,13.42
Red Deck Wins [24148_368536],vmc-material vs pimc-16/160,1184,b,16.88
Red Deck Wins [24148_368536],vmc-material vs pimc-16/160,1185,a,25.05
Red Deck Wins [24148_368536],vmc-material vs pimc-16/160,1186,a,30.18
Red Deck Wins [24148_368536],vmc-material vs pimc-16/160,1187,b,20.81
Red Deck Wins [24148_368536],vmc-material vs pimc-16/160,1188,a,9.41
Red Deck Wins [24148_368536],vmc-material vs pimc-16/160,1189,b,80.93
Red Deck Wins [24148_368536],vmc-material vs pimc-16/160,1190,b,28.87
Red Deck Wins [24148_368536],vmc-material vs pimc-16/160,1191,b,14.57
Red Deck Wins [24148_368536],vmc-material vs pimc-16/160,1192,a,26.34
Red Deck Wins [24148_368536],vmc-material vs pimc-16/160,1193,a,19.78
Red Deck Wins [24148_368536],vmc-material vs pimc-16/160,1194,b,26.09
Red Deck Wins [24148_368536],vmc-material vs pimc-16/160,1195,a,23.96
Red Deck Wins [24148_368536],vmc-material vs pimc-16/160,1196,a,23.75
Red Deck Wins [24148_368536],vmc-material vs pimc-16/160,1197,b,33.10
Red Deck Wins [24148_368536],vmc-material vs pimc-16/160,1198,a,20.18
Red Deck Wins [24148_368536],vmc-material vs pimc-16/160,1199,b,43.44
Red Deck Wins [24148_368536],vmc-material vs pimc-16/160,1200,b,30.93
Red Deck Wins [24148_368536],vmc-material vs pimc-16/160,1201,b,28.26
Red Deck Wins [24148_368536],vmc-material vs pimc-16/160,1202,a,21.09
Red Deck Wins [24148_368536],vmc-material vs pimc-16/160,1203,b,17.97
Red Deck Wins [24148_368536],vmc-material vs pimc-16/160,1204,a,25.46
Red Deck Wins [24148_368536],vmc-material vs pimc-16/160,1205,a,20.31
Red Deck Wins [24148_368536],vmc-material vs pimc-16/160,1206,a,16.68
Red Deck Wins [24148_368536],vmc-material vs pimc-16/160,1207,a,10.85
Red Deck Wins [24148_368536],vmc-material vs pimc-16/160,1208,b,26.42
Red Deck Wins [24148_368536],vmc-material vs pimc-16/160,1209,b,15.34
Red Deck Wins [24148_368536],vmc-material vs pimc-16/160,1210,b,32.22
Red Deck Wins [24148_368536],vmc-material vs pimc-16/160,1211,a,30.14
Red Deck Wins [24148_368536],vmc-material vs pimc-16/160,1212,b,20.83
Red Deck Wins [24148_368536],vmc-material vs pimc-16/160,1213,a,22.24
Red Deck Wins [24148_368536],vmc-material vs pimc-16/160,1214,a,13.95
Red Deck Wins [24148_368536],vmc-material vs pimc-16/160,1215,a,34.86
