index,name,source,sha256
0,Hardened Golgari [23573_363262],23573_363262,fabea9cf2b3f2790e5b95d43c16ce7faa291d44fb23647966835edaf0c0b0944
1,Sultai Control [23589_363393],23589_363393,791710caf8f32c844c5a410d7ccbf47fbea7b8597d1b84904cc6a863ad0a5ccc
2,UW Aggro [23647_364013],23647_364013,bed50ceab4a951fd5d9b4cc3d5fb3e546acd22abd6c0e1e64465488523636019
3,Gruul Aggro [23651_364089],23651_364089,3afb80a82cec0226398d6cf7eec7ef2268cbf6a7b3678c98480582e1d5846850
4,UW Aggro [23691_364428],23691_364428,d4a802b05f1b8330a67b4f7438dfa038091f91245c1004e85dace8011371446f
5,Azorius Aggro [23705_364538],23705_364538,f516d1e49b0719f461b7c1eb3ac42fce51d4750f7628f29660aaeeccb09f5c45
6,UW Spirit Aggro [23729_364730],23729_364730,92341bcff30bfbb9c0835b48c6920bf22289d06199941d73725de20d826164d4
7,Rhino Rock [23731_364766],23731_364766,f2f8ff7b82b71ae2a3f6ed5abe7e88ae32bd20d71e85455d5a62bcb2fbeb4490
8,Golgari Aggro [23736_364800],23736_364800,0a66887f709e15117ac2c27c7cd967a0e0daedee586fa9b51786cc6f898f7228
9,Golgari Scales [23743_364886],23743_364886,e895ec46a421ffa325ad0b698eae0378eca118677442f4039b61002000deee61
10,Golgari Aggro [23746_364917],23746_364917,180d5911b292986e1ff08d4a5f2393e3b7e7f9171aee586a510ed9c027d51aec
11,Devotion to Golgari [23769_365111],23769_365111,91ff22b82b156353af0478f824ceae580900dd231b77da31ee7d6949d71feed5
12,Golgari Aggro Hardened Scales [23804_365420],23804_365420,4c9f96043e4823e113d43f1751c05f2990d395a4cdcf0088211506fc46ee647d
13,Golgari Aggro [23823_365634],23823_365634,1f203678b35e9fef05a345d043894c44230e20ca5371ebcc49d402f353eca0ac
14,Hardened Golgari [23823_365635],23823_365635,569e6bd7893a0c5354f978281ca3e8a1fb911d41193a88d4148093750c502fa1
15,Spirits [23824_365648],23824_365648,8c58c3d571d7a9793addac78ec77ca541a140ab73cccb52bc1801e4561542c32
16,Spirit [23834_365721],23834_365721,8a16c66d0208ab949865259e52af8b518c420db00446178428f2f18496c732da
17,Sultai Control [23834_365722],23834_365722,ca231136ab5541671e2d0fed214200c07ef40b2b2cf9a3a8865fbcf913e464af
18,Sultai Control [23834_365725],23834_365725,03c5df28ddeb9984f342f622150f48d996df8b066e41f914a482b92c0d40950f
19,Hardened Scales [23846_365831],23846_365831,ed8a29d82d17c965a766f4bed971afafe5ae9cd4e305381178a22808b602f48a
20,Rakdos Deck Wins [23868_366023],23868_366023,8c9e3446d6d41a787ad955073ddbdb103850d9d98bb78b55394171e1ff0e64de
21,Rakdos PW Control [23869_366030],23869_366030,4c4d35fc518ecf1cd232543808078e478ae8cb4049ef1af5888ec39c7244db41
22,Temur Midrange [23869_366033],23869_366033,513a6d9eda519d6d2bf5c70d23311b4312c7e15dfe672041ee6fdca6ffec1a7f
23,Rg Aggro [23877_366125],23877_366125,5596e9e07a2c19642be56b786a171cc274bfb331fb26d2e0dd442c81d0be1e08
24,Azorius Aggro [23895_366282],23895_366282,c206ebc0019b1704ba072206ce88e8734933aeaaad27b2949d1b964bda606043
25,Golgari Scales [23926_366575],23926_366575,a7427c586c0ccf450d310b682025408dd28e527a9e913efa10159bdcdb821808
26,Hardened Scales [23932_366650],23932_366650,7a2e5903b022d62611392877ab84a2c83a8c1226bac139b9792a2ece7fc2d70d
27,Ub Emerge [23932_366653],23932_366653,46daeb56696370026995239b2c45f65b09b2030b5f3a5d5c1810db5e111da639
28,UW Spirit Aggro [23972_367060],23972_367060,76c8fd3b535fb898137fb79cb358bc9c4912d37410b6758c06d4483a4062984c
29,Hardened Snakes [23975_367079],23975_367079,fa1a82e7395ec1094181de879b35d01500e5a8a9977aae0e61f348877eaad995
30,Temur Aggro [24021_367530],24021_367530,58c5cb131f3e1387b8b578cd25e889a562d39b3ccb55d6f8beccc5437146cddf
31,Gb Hardened Scales [24035_367666],24035_367666,ce8b0ab1f40aab5fd7349b4d650d7d4cf4a8ca3ded5901926d7b59384b251f8b
32,Gb Hardened Scales [24035_367667],24035_367667,a7d843a94a609b368f0d593bec9023877e121384d614b723066799df187faa96
33,Gruul Aggro [24047_367755],24047_367755,1108c6ecf05932e0fb6423cf21034ec2bfd7c45803be4827e146f6769fbc7a50
34,Golgari Scales Aggro [24060_367930],24060_367930,a1dddc23d24f2e6f27e0684db18d922c9a71d01c38b9abc156a3c396e59695ed
35,UW Spirit Aggro [24067_368006],24067_368006,bd2710b2a5c236879523fb5630c860133a63b440342fb16eff60344289b06e3a
36,Harden Scales [24099_368182],24099_368182,2d5717e507fee2a4ddcf63d9b9713fb86f9142dede1e84efe10238eb44518af7
37,UW Spirit Aggro [24109_368253],24109_368253,870c7cc2a5de72a887e5083b7e4560dfa1e78c38bf4493b16f9c09c4ec78c9a5
38,Golgari Scales [24117_368312],24117_368312,921fb5a25b9bb5de402498107b560e04c75e76516ccda045c8e2e25c8f4eeb35
39,Azorius Aggro [24117_368315],24117_368315,2cae53e85604182d9565a59102ec076bc232a718f2f963dca7bc8868876c2ea3
40,Sultai Aggro [24121_368344],24121_368344,c2468485c9585994ed9fab53938394f507500fb1666e58add8a3cd3e000f7735
41,Rakdos Aggro [24126_368389],24126_368389,08e97927c8eab9414a3301d29f6bf46137196a2775a808ef3fbd1364671b38dc
42,Naya Zoo [24126_368391],24126_368391,5befb73e34e4b83551efbbaaa6597a01cf07e1213559408e24d2a8a5d955c564
43,Red Deck Wins [24148_368536],24148_368536,12cb2e4930e8c22220eea6bdeb8da37837d82377f6772d8bc476373f28bebbe5
44,Hardened Scales [24153_368579],24153_368579,4da8aa0236e38fc2d25191ad8cfa78ac0d246905e18102b29638358ec4a1e7ea
45,Golgari Scales [24157_368608],24157_368608,d58bc67a62f5ff9a11408d59143c00473338675b05fe59c397c45a799c7c3944
46,Azorius Aggro [24157_368610],24157_368610,f4578847ac5db19181d4c81198e9030a4e528f62e5df4176d6f0fea27efd3c09
47,Red Deck Wins [24157_368612],24157_368612,41acdea229365caec71e40d834c981b3e32f32ff3b0fcfe0b5fb168706302bb2
48,Red Deck Wins [24170_368693],24170_368693,fbf4f1b8e03ca90c558f885e6b25d40392297d224ad96ab94d6af2fb45bde43a
49,UW Spirit Aggro [24182_368797],24182_368797,7a72eb1793a5e1fe0cbd1b00c7aa71905f764d8bece1ee25c1178df5777ec60b
50,Golgari Hardened Scales [24209_368940],24209_368940,aaaf7656053e71de6b2bced89367dda0c38c00b138cae36cbe2b5c17f07e28ea
51,Red Deck Wins [24213_368955],24213_368955,fa2c71c7979fc3fa8c52bd7e309ba427d3277ff5add9e5f5589e60a0cfd40c21
52,Golgari Scales [24226_369071],24226_369071,717ab81f4f8d38ef9290ef4603e2ade1eb66e5c92a4fb69ca99010a1b1ba884d
53,Golgari Scales [24226_369074],24226_369074,1cbcdfcc7cbde059a12f4a68d18ef059584841a588ce4331074828e302139243
54,Red Deck Wins [24248_369262],24248_369262,2bf9d313ff04f02118e20cd80a100725b6e21ca5f6363d82b973c9dd751e9fdb
55,Gruul Aggro [24258_369338],24258_369338,c3af5280c3fdcf6f0545977a81503b6ae091420f0cf1d50ebbb3c26a427f9def
56,Golgari Scales [24267_369393],24267_369393,87b98e8c36bb67fb1ae717a179c234a0f827fad76be841e0bf1c060330dae112
57,Golgari Scales [24281_369513],24281_369513,309307c54c18875f9bec47916a6a635c7e7c01446190a758c75bba97aa0df340
58,Golgari Scales [24281_369514],24281_369514,c319f769b99de8819ac929df21ae6b1ed03cbe1e727ed0d8a22cb0f803380529
59,UW Spirit Aggro [24284_369541],24284_369541,56a8cc78da5ad0253737c63870ea3c8ae727b29bc0f01170044c9e034c954ae4
60,Red Deck Wins [24296_369644],24296_369644,04c756a19f4d0639c782b2c643d3ef445f186b1dd7f8bca7a684d98e2e7c581b
61,Golgari Scales [24327_369898],24327_369898,ab918cb1eaae5efb1bfd33d463857fb076c0a6573e9f3e752d6cbc73c2d886a2
62,Golgari Scales [24328_369909],24328_369909,f4e8438b4b13d0561c17b1204245e706895fb46e8434432048901126d2d6fdb2
63,Golgari Scales [24331_369932],24331_369932,d0b016ec57c61a33bccd1f56a3b8f3ca1cc0463671faca6bbf7390d432c49e23
